,SALE TYPE,SOLD DATE,PROPERTY TYPE,ADDRESS,CITY,STATE OR PROVINCE,ZIP OR POSTAL CODE,PRICE,BEDS,BATHS,LOCATION,SQUARE FEET,LOT SIZE,YEAR BUILT,DAYS ON MARKET,$/SQUARE FEET,HOA/MONTH,STATUS,NEXT OPEN HOUSE START TIME,NEXT OPEN HOUSE END TIME,URL (SEE http://www.redfin.com/buy-a-home/comparative-market-analysis FOR INFO ON PRICING),SOURCE,MLS#,FAVORITE,INTERESTED,LATITUDE,LONGITUDE
0,MLS Listing,,Single Family Residential,12 Sylvan Way,Woodacre,CA,94973,995000,3.0,3.0,Woodacre,2574.0,7261.0,1923.0,3.0,387.0,,Active,,,http://www.redfin.com/CA/Woodacre/12-Sylvan-Way-94973/home/22345948,BAREIS,321101797,N,Y,38.0081599,-122.644907
1,MLS Listing,,Single Family Residential,84 Laurie Dr,Novato,CA,94947,1235000,4.0,2.0,Novato,1809.0,12628.0,1965.0,12.0,683.0,,Active,,,http://www.redfin.com/CA/Novato/84-Laurie-Dr-94947/home/1354779,BAREIS,321100944,N,Y,38.1088384,-122.5994154
2,MLS Listing,,Single Family Residential,1 Dunand Ave,San Rafael,CA,94901,1369900,3.0,2.5,San Rafael,1732.0,4500.0,1994.0,18.0,791.0,,Active,,,http://www.redfin.com/CA/San-Rafael/1-Dunand-Ave-94901/home/773237,BAREIS,321099248,N,Y,37.9742462,-122.544102
3,MLS Listing,,Single Family Residential,216 Waterside Cir,San Rafael,CA,94903,1445000,4.0,3.0,San Rafael,2745.0,5114.0,1997.0,61.0,526.0,321.0,Active,November-7-2021 01:00 PM,November-7-2021 03:00 PM,http://www.redfin.com/CA/San-Rafael/216-Waterside-Cir-94903/home/715870,BAREIS,321083014,N,Y,38.0082389,-122.5266447
4,MLS Listing,,Condo/Co-op,12 Royal Ct,San Rafael,CA,94901,648000,2.0,2.0,San Rafael,986.0,2720.0,1964.0,1.0,657.0,365.0,Active,November-6-2021 01:00 PM,November-6-2021 04:00 PM,http://www.redfin.com/CA/San-Rafael/12-Royal-Ct-94901/home/549409,"bridgeMLS, Bay East AOR, or Contra Costa AOR",40973048,N,Y,37.969371,-122.5029166
5,MLS Listing,,Single Family Residential,3 Sequoia Rd,San Rafael,CA,94903,959000,3.0,2.5,San Rafael,1758.0,2919.0,2004.0,1.0,546.0,115.0,Active,November-7-2021 01:00 PM,November-7-2021 04:00 PM,http://www.redfin.com/CA/San-Rafael/3-Sequoia-Rd-94903/home/1265729,BAREIS,321102270,N,Y,37.9932237,-122.5356382
6,MLS Listing,,Single Family Residential,286 Miller Ave,Mill Valley,CA,94941,1138000,3.0,2.0,Mill Valley,978.0,5785.0,1929.0,1.0,1164.0,,Active,November-7-2021 01:00 PM,November-7-2021 04:00 PM,http://www.redfin.com/CA/Mill-Valley/286-Miller-Ave-94941/home/168644033,BAREIS,321102300,N,Y,37.8996582,-122.5399037
7,MLS Listing,,Condo/Co-op,510 Entrada Dr #204,Novato,CA,94949,448865,2.0,1.0,Novato,1095.0,1093.0,2004.0,1.0,410.0,434.0,Active,November-7-2021 02:00 PM,November-7-2021 04:00 PM,http://www.redfin.com/CA/Novato/510-Entrada-Dr-94949/unit-204/home/1127396,BAREIS,321104284,N,Y,38.069131,-122.5422037
8,MLS Listing,,Single Family Residential,9 Laurel Ln,Sausalito,CA,94965,3995000,4.0,4.5,Sausalito,3281.0,34351.0,1983.0,1.0,1218.0,,Active,,,http://www.redfin.com/CA/Sausalito/9-Laurel-Ln-94965/home/1121325,BAREIS,321104262,N,Y,37.8588548,-122.4954795
9,MLS Listing,,Single Family Residential,12 Fairview Ave,Corte Madera,CA,94925,2390000,3.0,2.5,Corte Madera,2000.0,10000.0,1979.0,1.0,1195.0,,Active,,,http://www.redfin.com/CA/Corte-Madera/12-Fairview-Ave-94925/home/1087975,BAREIS,321103417,N,Y,37.9201637,-122.5204124
10,MLS Listing,,Single Family Residential,104 Ignacio Valley Cir,Novato,CA,94949,995000,3.0,2.5,Novato,1658.0,5175.0,1988.0,1.0,600.0,480.0,Active,,,http://www.redfin.com/CA/Novato/104-Ignacio-Valley-Cir-94949/home/1144669,BAREIS,321102444,N,Y,38.0693982,-122.5502886
11,MLS Listing,,Single Family Residential,327 Loring Ave,Mill Valley,CA,90024,2990000,3.0,3.5,Mill Valley,1811.0,5759.0,2021.0,1.0,1651.0,,Active,,,http://www.redfin.com/CA/Mill-Valley/327-Loring-Ave-94941/home/174470329,MetroList,321103934,N,Y,37.887756,-122.5356357
12,MLS Listing,,Townhouse,9 Bayharbor Way,San Rafael,CA,94901,1385000,3.0,2.5,San Rafael,1844.0,1429.0,2016.0,1.0,751.0,667.0,Active,November-4-2021 04:30 PM,November-4-2021 06:00 PM,http://www.redfin.com/CA/San-Rafael/9-Bayharbor-Way-94901/home/109250437,BAREIS,321099260,N,Y,37.9737902,-122.483166
13,MLS Listing,,Single Family Residential,133 San Carlos Way,Novato,CA,94945,1050000,4.0,2.0,Novato,1740.0,7501.0,1963.0,1.0,603.0,,Active,November-6-2021 01:00 PM,November-6-2021 04:00 PM,http://www.redfin.com/CA/Novato/133-San-Carlos-Way-94945/home/1378857,BAREIS,321102285,N,Y,38.1172258,-122.6025513
14,MLS Listing,,Single Family Residential,158 Marlin Ave,Mill Valley,CA,94941,1295000,1.0,1.0,Country Club,1036.0,10617.0,1942.0,1.0,1250.0,,Active,November-3-2021 10:30 AM,November-3-2021 01:30 PM,http://www.redfin.com/CA/Mill-Valley/158-Marlin-Ave-94941/home/984159,BAREIS,321103799,N,Y,37.908826,-122.535471
15,MLS Listing,,Single Family Residential,242 Flamingo Rd,Mill Valley,CA,94941,1395000,3.0,1.5,Mill Valley,1270.0,5998.0,1953.0,1.0,1098.0,,Active,November-3-2021 10:00 AM,November-3-2021 01:00 PM,http://www.redfin.com/CA/Mill-Valley/242-Flamingo-Rd-94941/home/1094228,BAREIS,321103764,N,Y,37.879678,-122.5263353
16,MLS Listing,,Condo/Co-op,522 Entrada Dr #205,Novato,CA,94949,318532,1.0,1.0,Novato,878.0,880.0,2004.0,1.0,363.0,407.0,Active,November-7-2021 02:00 PM,November-7-2021 04:00 PM,http://www.redfin.com/CA/Novato/522-Entrada-Dr-94949/unit-205/home/1247339,BAREIS,321104057,N,Y,38.0694026,-122.5435013
17,MLS Listing,,Condo/Co-op,300 Deer Valley Rd Unit 1H,San Rafael,CA,94903,399000,1.0,1.0,San Rafael,772.0,771.0,1991.0,1.0,517.0,2210.0,Active,,,http://www.redfin.com/CA/San-Rafael/300-Deer-Valley-Rd-94903/unit-1H/home/907783,BAREIS,321099546,N,Y,38.0251156,-122.5347881
18,MLS Listing,,Condo/Co-op,15 Laurel Dr,Corte Madera,CA,94925,899999,2.0,2.0,Corte Madera,1226.0,2017.0,1986.0,1.0,734.0,302.0,Active,,,http://www.redfin.com/CA/Corte-Madera/15-Laurel-Dr-94925/home/758355,BAREIS,321102588,N,Y,37.9214657,-122.5174342
19,MLS Listing,,Townhouse,40 Flicker Dr,Novato,CA,94949,859000,2.0,2.5,Novato,1954.0,1951.0,1979.0,1.0,440.0,425.0,Active,November-7-2021 01:00 PM,November-7-2021 04:00 PM,http://www.redfin.com/CA/Novato/40-Flicker-Dr-94949/home/685370,BAREIS,321103370,N,Y,38.046572,-122.544607
20,MLS Listing,,Single Family Residential,315 Olema Rd,Fairfax,CA,94930,898000,2.0,1.5,Fairfax,1152.0,11252.0,1973.0,1.0,780.0,,Active,November-6-2021 02:00 PM,November-6-2021 04:00 PM,http://www.redfin.com/CA/Fairfax/315-Olema-Rd-94930/home/2099489,BAREIS,321103742,N,Y,37.9973671,-122.6010938
21,MLS Listing,,Townhouse,81 Grande Paseo,San Rafael,CA,94903,759000,4.0,3.0,San Rafael,1554.0,2100.0,1966.0,1.0,488.0,550.0,Active,November-7-2021 12:00 PM,November-7-2021 03:00 PM,http://www.redfin.com/CA/San-Rafael/81-Grande-Paseo-94903/home/688503,BAREIS,321103793,N,Y,38.031383,-122.5407768
22,MLS Listing,,Single Family Residential,61 Windsor Ave,San Rafael,CA,94901,1599000,4.0,2.0,White Oak 02,1862.0,9074.0,1968.0,1.0,859.0,,Active,,,http://www.redfin.com/CA/San-Rafael/61-Windsor-Ave-94901/home/553181,BAREIS,321100894,N,Y,37.9829618,-122.5432623
23,MLS Listing,,Single Family Residential,79 Billou St,San Rafael,CA,94901,1150000,3.0,2.5,San Rafael,1881.0,6000.0,1947.0,2.0,611.0,,Active,November-7-2021 10:00 AM,November-7-2021 02:00 PM,http://www.redfin.com/CA/San-Rafael/79-Billou-St-94901/home/900203,CRMLS,DW21239128,N,Y,37.961368,-122.519661
24,MLS Listing,,Condo/Co-op,171 Lower Via Casitas,Greenbrae,CA,94904,729000,2.0,1.0,Greenbrae,921.0,1442.0,1962.0,3.0,792.0,400.0,Active,November-6-2021 01:00 PM,November-6-2021 04:00 PM,http://www.redfin.com/CA/Greenbrae/171-Lower-Via-Casitas-94904/home/1353232,BAREIS,321098059,N,Y,37.94565,-122.527042
25,MLS Listing,,Single Family Residential,80 Capilano Dr,Novato,CA,94949,2599000,4.0,3.0,Novato,3652.0,49950.0,1979.0,3.0,712.0,,Active,,,http://www.redfin.com/CA/Novato/80-Capilano-Dr-94949/home/679755,BAREIS,321102431,N,Y,38.0651441,-122.5695092
26,MLS Listing,,Single Family Residential,625 College Ave,Kentfield,CA,94904,6500000,6.0,5.0,Kentfield,4574.0,65780.0,1936.0,3.0,1421.0,,Active,,,http://www.redfin.com/CA/Kentfield/625-College-Ave-94904/home/1189505,BAREIS,321099834,N,Y,37.9503139,-122.5501197
27,MLS Listing,,Single Family Residential,69 Laderman Ln,Greenbrae,CA,94904,1995000,3.0,2.0,Cape Marin,2190.0,7919.0,1988.0,4.0,911.0,321.0,Active,,,http://www.redfin.com/CA/Greenbrae/69-Laderman-Ln-94904/home/1251655,BAREIS,321103518,N,Y,37.9452354,-122.5252745
28,MLS Listing,,Condo/Co-op,610 Wateree St Unit B,Sausalito,CA,94965,825000,2.0,1.0,Sausalito,952.0,941.0,1910.0,4.0,867.0,275.0,Active,November-6-2021 11:00 AM,November-6-2021 01:00 PM,http://www.redfin.com/CA/Sausalito/610-Wateree-St-94965/unit-B/home/1179459,BAREIS,321103157,N,Y,37.8649159,-122.5018459
29,MLS Listing,,Single Family Residential,7200 Lucas Valley Rd,Nicasio,CA,94946,899000,2.0,1.0,Nicasio,624.0,72310.0,1940.0,4.0,1441.0,,Active,,,http://www.redfin.com/CA/Nicasio/7200-Lucas-Valley-Rd-94946/home/22609738,BAREIS,321103237,N,Y,38.050118,-122.681406
30,MLS Listing,,Single Family Residential,144 Richardson Dr,Mill Valley,CA,94941,1950000,3.0,2.0,Mill Valley,1456.0,8699.0,1949.0,4.0,1339.0,,Active,November-6-2021 02:00 PM,November-6-2021 04:00 PM,http://www.redfin.com/CA/Mill-Valley/144-Richardson-Dr-94941/home/1111779,BAREIS,321103229,N,Y,37.898132,-122.5080793
31,MLS Listing,,Vacant Land,0 Chula Vis,San Rafael,CA,94901,749000,0.0,,San Rafael,,78408.0,,4.0,,,Active,,,http://www.redfin.com/CA/San-Rafael/1132-4th-St-94901/home/173997940,BAREIS,321103314,N,Y,37.9733896,-122.5290004
32,MLS Listing,,Single Family Residential,2151 Fallon Rd,Petaluma,CA,94952,1549000,3.0,2.0,Petaluma,1320.0,174240.0,1969.0,4.0,1173.0,,Active,,,http://www.redfin.com/CA/PETALUMA/2151-FALLON-RD-94952/home/739576,BAREIS,321102439,N,Y,38.272599,-122.864418
33,MLS Listing,,Condo/Co-op,949 S Eliseo Dr,Greenbrae,CA,94904,750000,1.0,1.0,Greenbrae,848.0,1320.0,1973.0,4.0,884.0,379.0,Active,,,http://www.redfin.com/CA/Greenbrae/949-S-Eliseo-Dr-94904/home/568484,BAREIS,321097213,N,Y,37.943025,-122.532687
34,MLS Listing,,Single Family Residential,1031 Trillium Ln,Mill Valley,CA,94941,1850000,3.0,2.5,Muir Meadows,2096.0,11038.0,1967.0,4.0,883.0,,Active,,,http://www.redfin.com/CA/Mill-Valley/1031-Trillium-Ln-94941/home/12309479,BAREIS,321102949,N,Y,37.8868218,-122.5441904
35,MLS Listing,,Single Family Residential,218 N Almenar Dr,Greenbrae,CA,94904,2395000,4.0,2.0,Greenbrae,2100.0,10624.0,1952.0,5.0,1140.0,3.0,Active,,,http://www.redfin.com/CA/Kentfield/218-N-Almenar-Dr-94904/home/628864,BAREIS,321099831,N,Y,37.9523092,-122.5274182
36,MLS Listing,,Townhouse,185 Biscayne Dr,San Rafael,CA,94901,1075000,2.0,1.5,San Rafael,1450.0,3498.0,1961.0,5.0,741.0,650.0,Active,November-7-2021 02:00 PM,November-7-2021 04:00 PM,http://www.redfin.com/CA/San-Rafael/185-Biscayne-Dr-94901/home/1017694,BAREIS,321102183,N,Y,37.9952909,-122.4607669
37,MLS Listing,,Single Family Residential,7 Teakwood Ct,San Rafael,CA,94901,1395000,4.0,2.0,Glenwood #1,1539.0,9540.0,1955.0,6.0,906.0,,Active,,,http://www.redfin.com/CA/San-Rafael/7-Teakwood-Ct-94901/home/969381,BAREIS,321102654,N,Y,37.9840657,-122.4768202
38,MLS Listing,,Multi-Family (2-4 Unit),1865 Mar West St,Tiburon,CA,94920,2877000,3.0,2.5,Tiburon,3700.0,12292.0,1908.0,6.0,778.0,,Active,,,http://www.redfin.com/CA/Belvedere-Tiburon/1865-W-Mar-St-94920/home/1405985,BAREIS,321102690,N,Y,37.8746479,-122.4539115
39,MLS Listing,,Vacant Land,0 Lagunitas,Lagunitas,CA,94938,197000,0.0,,Lagunitas,,108900.0,,6.0,,,Active,,,http://www.redfin.com/CA/Lagunitas-Forest-Knolls/Lagunitas-RD-94938/home/175620333,San Francisco MLS,321102695,N,Y,38.0121412,-122.7018193
40,MLS Listing,,Condo/Co-op,13 Anchorage Rd,Sausalito,CA,94965,748000,2.0,2.0,Sausalito,976.0,1960.0,1969.0,6.0,766.0,575.0,Active,,,http://www.redfin.com/CA/Sausalito/13-Anchorage-Rd-94965/home/780138,BAREIS,321100520,N,Y,37.8652387,-122.5063835
41,MLS Listing,,Single Family Residential,21 Convent Ct,San Rafael,CA,94901,1397000,4.0,2.0,Dominican,2526.0,13599.0,1952.0,6.0,553.0,,Active,,,http://www.redfin.com/CA/San-Rafael/21-Convent-Ct-94901/home/1187981,BAREIS,321102606,N,Y,37.9868686,-122.5132515
42,MLS Listing,,Single Family Residential,15 Escondido Way,Inverness,CA,94937,1450000,2.0,2.0,Inverness,1278.0,14706.0,1956.0,6.0,1135.0,,Active,November-7-2021 01:00 PM,November-7-2021 03:00 PM,http://www.redfin.com/CA/Inverness/15-Escondido-Way-94937/home/639918,BAREIS,321101527,N,Y,38.1110733,-122.8704264
43,MLS Listing,,Single Family Residential,31 Rutherford Ave,San Anselmo,CA,94960,1995000,4.0,2.0,San Anselmo,2893.0,5798.0,1955.0,6.0,690.0,,Active,,,http://www.redfin.com/CA/San-Anselmo/31-Rutherford-Ave-94960/home/1306330,BAREIS,321102123,N,Y,37.988787,-122.5793368
44,MLS Listing,,Single Family Residential,23 Hayford Ct,Novato,CA,94949,1179000,4.0,3.5,Novato,2126.0,3751.0,1999.0,6.0,555.0,30.0,Active,November-6-2021 01:00 PM,November-6-2021 03:00 PM,http://www.redfin.com/CA/Novato/23-Hayford-Ct-94949/home/1436357,BAREIS,321102320,N,Y,38.0564848,-122.5150638
45,MLS Listing,,Condo/Co-op,8 Forest Ln,San Rafael,CA,94903,575000,2.0,2.0,San Rafael,984.0,,1963.0,6.0,584.0,620.0,Active,,,http://www.redfin.com/CA/San-Rafael/8-Forest-Ln-94903/home/701460,BAREIS,321100735,N,Y,38.008169,-122.563281
46,MLS Listing,,Single Family Residential,12 Kaden Ct,Novato,CA,94947,1111000,4.0,2.0,Novato,1600.0,28000.0,1964.0,6.0,694.0,,Active,,,http://www.redfin.com/CA/Novato/12-Kaden-Ct-94947/home/832832,BAREIS,321102242,N,Y,38.0848977,-122.5657537
47,MLS Listing,,Single Family Residential,600 - 602 Edgewood Ave,Mill Valley,CA,94941,1149000,2.0,2.0,Mill Valley,1132.0,35284.0,,6.0,1015.0,,Active,,,http://www.redfin.com/CA/Mill-Valley/600-Edgewood-Ave-94941/home/600244,BAREIS,321102426,N,Y,37.9033163,-122.5647044
48,MLS Listing,,Condo/Co-op,100 Thorndale Dr #305,San Rafael,CA,94903,315000,1.0,1.0,San Rafael,800.0,802.0,1985.0,7.0,394.0,4100.0,Active,,,http://www.redfin.com/CA/San-Rafael/100-Thorndale-Dr-94903/unit-305/home/838710,BAREIS,321102483,N,Y,38.0039449,-122.5495595
49,MLS Listing,,Single Family Residential,56 Meadow Ave,San Rafael,CA,94901,799950,2.0,1.0,Bret Harte,882.0,5201.0,1943.0,7.0,907.0,,Active,,,http://www.redfin.com/CA/San-Rafael/56-Meadow-Ave-94901/home/557757,BAREIS,321101670,N,Y,37.9590275,-122.5176608
50,MLS Listing,,Condo/Co-op,100 Thorndale Dr #432,San Rafael,CA,94903,370000,1.0,1.0,San Rafael,790.0,775.0,1985.0,7.0,468.0,4100.0,Active,,,http://www.redfin.com/CA/San-Rafael/100-Thorndale-Dr-94903/unit-432/home/1355680,BAREIS,321102465,N,Y,38.0039449,-122.5495595
51,MLS Listing,,Condo/Co-op,206 Captain Nurse Cir,Novato,CA,94949,339861,3.0,2.5,Meadowpark,1396.0,971.0,2004.0,7.0,243.0,292.0,Active,,,http://www.redfin.com/CA/Novato/206-Captain-Nurse-Cir-94949/home/1231429,BAREIS,321102410,N,Y,38.048085,-122.529054
52,MLS Listing,,Single Family Residential,258 San Carlos Way,Novato,CA,94945,1175000,4.0,2.5,Novato,2384.0,7649.0,1966.0,7.0,493.0,,Active,,,http://www.redfin.com/CA/Novato/258-San-Carlos-Way-94945/home/643036,BAREIS,321101468,N,Y,38.1194777,-122.5920832
53,MLS Listing,,Single Family Residential,5 Owlswood Dr,Larkspur,CA,94939,1675000,3.0,2.0,Larkspur,1550.0,10999.0,1947.0,7.0,1081.0,,Active,,,http://www.redfin.com/CA/Larkspur/5-Owlswood-Dr-94939/home/1051662,BAREIS,321088588,N,Y,37.9271647,-122.5348655
54,MLS Listing,,Multi-Family (2-4 Unit),39 - 41 Arroyo Rd,Fairfax,CA,94930,1058000,2.0,2.0,Fairfax,1320.0,5502.0,1949.0,7.0,802.0,,Active,,,http://www.redfin.com/CA/Fairfax/39-Arroyo-Rd-94930/home/1254540,BAREIS,321099965,N,Y,37.9892345,-122.5934967
55,MLS Listing,,Multi-Family (2-4 Unit),3 Stevens Pl,San Rafael,CA,94901,1500000,7.0,5.0,San Rafael,2200.0,4500.0,1913.0,7.0,,,Active,,,http://www.redfin.com/CA/San-Rafael/3-Stevens-Pl-94901/home/957721,MetroList,321102343,N,Y,37.9744986,-122.5218269
56,MLS Listing,,Single Family Residential,1 Brookdale Ave,San Rafael,CA,94901,699999,2.0,1.0,San Rafael,864.0,2026.0,1913.0,7.0,810.0,,Active,,,http://www.redfin.com/CA/San-Rafael/1-Brookdale-Ave-94901/home/820048,BAREIS,321101466,N,Y,37.9813177,-122.5224457
57,MLS Listing,,Single Family Residential,505 Panoramic Hwy,Mill Valley,CA,94941,1600000,3.0,2.0,Mill Valley,1680.0,11500.0,1962.0,7.0,952.0,,Active,,,http://www.redfin.com/CA/Mill-Valley/505-Panoramic-Hwy-94941/home/602890,BAREIS,321102286,N,Y,37.9010908,-122.5686256
58,MLS Listing,,Condo/Co-op,220 San Andreas Dr,Novato,CA,94945,699000,3.0,2.5,Novato,1326.0,3302.0,1973.0,7.0,527.0,415.0,Active,,,http://www.redfin.com/CA/Novato/220-San-Andreas-Dr-94945/home/1382380,BAREIS,321102075,N,Y,38.1236966,-122.6014913
59,MLS Listing,,Single Family Residential,4 Hazelwood Ln,San Rafael,CA,94901,1595000,4.0,3.0,San Rafael,2002.0,13416.0,1963.0,7.0,797.0,,Active,,,http://www.redfin.com/CA/San-Rafael/4-Hazelwood-Ln-94901/home/1220773,San Francisco MLS,321093173,N,Y,37.9897624,-122.4884053
60,MLS Listing,,Condo/Co-op,1012 Los Gamos Rd Unit G,San Rafael,CA,94903,370000,2.0,1.0,San Rafael,850.0,12524.0,1960.0,7.0,435.0,1086.0,Active,,,http://www.redfin.com/CA/San-Rafael/1012-Los-Gamos-Rd-94903/unit-G/home/176969573,BAREIS,321102135,N,Y,38.0093326,-122.54503
61,MLS Listing,,Single Family Residential,34 Circle Ave,Mill Valley,CA,94941,2795000,3.0,2.0,Mill Valley,2009.0,5624.0,1920.0,7.0,1391.0,,Active,,,http://www.redfin.com/CA/Mill-Valley/34-Circle-Ave-94941/home/880317,BAREIS,321102137,N,Y,37.9068766,-122.5410527
62,MLS Listing,,Single Family Residential,2 Wolfback Ridge Rd,Sausalito,CA,94965,1950000,6.0,3.0,Sausalito,2650.0,17359.0,1948.0,7.0,736.0,,Active,,,http://www.redfin.com/CA/Sausalito/2-Wolfback-Ridge-Rd-94965/home/886430,BAREIS,321102159,N,Y,37.851324,-122.4915224
63,MLS Listing,,Single Family Residential,309 Ellen Ct,San Rafael,CA,94903,1249000,3.0,2.0,San Rafael,1470.0,18461.0,1959.0,7.0,850.0,,Active,,,http://www.redfin.com/CA/San-Rafael/309-Ellen-Ct-94903/home/1257681,BAREIS,321087604,N,Y,38.0268268,-122.548742
64,MLS Listing,,Single Family Residential,4 Adams Ct,Novato,CA,94947,999000,4.0,2.0,Novato,1668.0,12480.0,1964.0,8.0,599.0,,Active,,,http://www.redfin.com/CA/Novato/4-Adams-Ct-94947/home/776140,BAREIS,321102113,N,Y,38.09395,-122.5703486
65,MLS Listing,,Condo/Co-op,100 Thorndale Dr #446,San Rafael,CA,94903,330000,1.0,1.0,San Rafael,770.0,749.0,1985.0,8.0,429.0,4200.0,Active,,,http://www.redfin.com/CA/San-Rafael/100-Thorndale-Dr-94903/unit-446/home/1182987,BAREIS,321102176,N,Y,38.0039449,-122.5495595
66,MLS Listing,,Multi-Family (2-4 Unit),86 Wreden Ave,Fairfax,CA,94930,898000,3.0,3.0,Fairfax,2063.0,18000.0,1935.0,8.0,435.0,,Active,,,http://www.redfin.com/CA/Fairfax/86-Wreden-Ave-94930/home/1215963,San Francisco MLS,321101963,N,Y,37.9860312,-122.5952194
67,MLS Listing,,Single Family Residential,583 Fairway,Novato,CA,94949,1495000,3.0,2.5,Novato,1886.0,17302.0,1973.0,8.0,793.0,,Active,,,http://www.redfin.com/CA/Novato/583-Fairway-Dr-94949/home/682048,BAREIS,321099966,N,Y,38.060463,-122.5780358
68,MLS Listing,,Single Family Residential,10 Shanklin Ct,Novato,CA,94945,1150000,4.0,3.0,Novato,2876.0,10498.0,1982.0,9.0,400.0,,Active,,,http://www.redfin.com/CA/Novato/10-Shanklin-Ct-94945/home/887356,BAREIS,321101565,N,Y,38.117411,-122.5859874
69,MLS Listing,,Single Family Residential,112 Somerset Dr,Novato,CA,94945,1195000,3.0,2.0,Novato,2353.0,12097.0,1990.0,10.0,508.0,,Active,,,http://www.redfin.com/CA/Novato/112-Somerset-Dr-94945/home/659388,BAREIS,321101137,N,Y,38.1202652,-122.5798912
70,MLS Listing,,Mobile/Manufactured Home,823 Las Palmas Ave,Novato,CA,94949,295000,2.0,2.0,Los Robles Mobile Home Park,1330.0,,1966.0,11.0,222.0,,Active,,,http://www.redfin.com/CA/Novato/823-Las-Palmas-Ave-94949/home/176884009,BAREIS,321101748,N,Y,38.0645361,-122.5322664
71,MLS Listing,,Single Family Residential,396 Bretano Way,Greenbrae,CA,94904,1575000,3.0,2.5,Greenbrae,2318.0,7701.0,1972.0,11.0,679.0,,Active,,,http://www.redfin.com/CA/Greenbrae/396-Bretano-Way-94904/home/1354361,BAREIS,321101421,N,Y,37.9475397,-122.5155823
72,MLS Listing,,Condo/Co-op,444 Sylvia Way,San Rafael,CA,94903,859000,3.0,2.5,San Rafael,1510.0,3999.0,1973.0,11.0,569.0,420.0,Active,,,http://www.redfin.com/CA/San-Rafael/444-Sylvia-Way-94903/home/1400066,BAREIS,321100662,N,Y,38.0071741,-122.5667115
73,MLS Listing,,Single Family Residential,104 Montego Ky,Novato,CA,94949,1249000,3.0,2.0,Bel Marin Keys,1517.0,8002.0,1964.0,11.0,823.0,,Active,,,http://www.redfin.com/CA/Novato/104-Montego-Ky-94949/home/1200129,BAREIS,321100983,N,Y,38.0858744,-122.5256723
74,MLS Listing,,Condo/Co-op,200 Deer Valley Rd Unit 1G,San Rafael,CA,94903,549900,1.0,2.0,San Rafael,933.0,932.0,1991.0,11.0,589.0,2398.0,Active,,,http://www.redfin.com/CA/San-Rafael/200-Deer-Valley-Rd-94903/unit-1G/home/1363552,BAREIS,321098935,N,Y,38.0244222,-122.5346334
75,MLS Listing,,Single Family Residential,7 Hollyleaf Way,Novato,CA,94947,1595000,5.0,3.5,Novato,2934.0,5428.0,2004.0,11.0,544.0,32.0,Active,,,http://www.redfin.com/CA/Novato/7-Hollyleaf-Way-94949/home/1343552,BAREIS,321101510,N,Y,38.070678,-122.5455603
76,MLS Listing,,Single Family Residential,1131 7th St,Novato,CA,94945,1197500,4.0,2.5,Novato,2344.0,23100.0,1976.0,11.0,511.0,,Active,,,http://www.redfin.com/CA/Novato/1131-7th-St-94945/home/945172,BAREIS,321091151,N,Y,38.1121481,-122.578367
77,MLS Listing,,Condo/Co-op,15 Oliva Dr Unit F,Novato,CA,94947,479000,2.0,1.0,Parkhaven,872.0,1102.0,1971.0,11.0,549.0,522.0,Active,,,http://www.redfin.com/CA/Novato/15F-Oliva-Dr-94947/home/650569,BAREIS,321101462,N,Y,38.1134716,-122.5971725
78,MLS Listing,,Single Family Residential,212 San Marino Dr,San Rafael,CA,94901,1568000,4.0,3.0,Peacock Gap,2410.0,8124.0,1961.0,11.0,651.0,11.0,Active,November-7-2021 02:00 PM,November-7-2021 04:00 PM,http://www.redfin.com/CA/San-Rafael/212-San-Marino-Dr-94901/home/1335036,BAREIS,321101003,N,Y,37.9925988,-122.458069
79,MLS Listing,,Condo/Co-op,100 Marin Ctr #26,San Rafael,CA,94903,520000,2.0,2.0,San Rafael,1112.0,,1974.0,11.0,468.0,590.0,Active,,,http://www.redfin.com/CA/San-Rafael/100-Marin-Center-Dr-94903/unit-26/home/1279983,BAREIS,321100937,N,Y,38.0082199,-122.5403589
80,MLS Listing,,Single Family Residential,62 Marina Court Dr,San Rafael,CA,94901,999000,3.0,2.5,San Rafael,1820.0,6386.0,1941.0,12.0,549.0,,Active,,,http://www.redfin.com/CA/San-Rafael/62-Marina-Ct-Dr-94901/home/11282496,BAREIS,321101314,N,Y,37.9687816,-122.5085214
81,MLS Listing,,Townhouse,1259 Royal Oak Ter Unit G,Novato,CA,94947,599000,2.0,1.5,Novato,1024.0,2879.0,1971.0,12.0,585.0,467.0,Active,,,http://www.redfin.com/CA/Novato/1259-Royal-Oak-Ter-94947/unit-G/home/1090110,BAREIS,321101052,N,Y,38.0866005,-122.5557498
82,MLS Listing,,Multi-Family (2-4 Unit),86 - 90 Elizabeth Way,San Rafael,CA,94901,2500000,6.0,6.0,San Rafael,3300.0,22695.0,,12.0,758.0,,Active,,,http://www.redfin.com/CA/San-Rafael/86-Elizabeth-Way-94901/home/1254864,BAREIS,321101076,N,Y,37.9837007,-122.5400362
83,MLS Listing,,Single Family Residential,924 Ventura Way,Mill Valley,CA,94941,1450000,3.0,2.5,Mill Valley,1763.0,5249.0,1989.0,12.0,822.0,,Active,,,http://www.redfin.com/CA/Mill-Valley/924-Ventura-Way-94941/home/939185,BAREIS,321101074,N,Y,37.8868044,-122.538843
84,MLS Listing,,Mobile/Manufactured Home,701 Seville Way,Novato,CA,94949,239000,2.0,2.0,Los Robles MHP,1116.0,,1969.0,12.0,214.0,,Active,,,http://www.redfin.com/CA/Novato/701-Seville-Way-94949/unit-TBA/home/176316484,BAREIS,321097748,N,Y,38.0651476,-122.5318172
85,MLS Listing,,Single Family Residential,9 Tower Point Ln,Tiburon,CA,94920,3500000,3.0,3.0,Tiburon,2471.0,9901.0,1993.0,12.0,1416.0,,Active,November-6-2021 01:00 PM,November-6-2021 04:00 PM,http://www.redfin.com/CA/Tiburon/9-Tower-Point-Ln-94920/home/1061870,BAREIS,321100286,N,Y,37.8742097,-122.4496653
86,MLS Listing,,Condo/Co-op,300 Deer Valley Rd Unit 4D,San Rafael,CA,94903,875000,2.0,2.0,San Rafael,1259.0,1259.0,1991.0,12.0,695.0,2705.0,Active,,,http://www.redfin.com/CA/San-Rafael/300-Deer-Valley-Rd-94903/unit-4D/home/1178329,BAREIS,321100466,N,Y,38.0251156,-122.5347881
87,MLS Listing,,Condo/Co-op,100 Deer Valley Rd Unit GA,San Rafael,CA,94903,725000,2.0,2.0,San Rafael,1259.0,1259.0,1991.0,13.0,576.0,2705.0,Active,,,http://www.redfin.com/CA/San-Rafael/100-Deer-Valley-Rd-94903/unit-GA/home/674081,BAREIS,321100537,N,Y,38.025148,-122.535179
88,MLS Listing,,Single Family Residential,10 Wilson Ct,San Rafael,CA,94901,925000,2.0,1.0,San Rafael,934.0,4273.0,1933.0,13.0,990.0,,Active,,,http://www.redfin.com/CA/San-Rafael/10-Wilson-Ct-94901/home/747216,San Francisco MLS,321098975,N,Y,37.9866186,-122.5271309
89,MLS Listing,,Single Family Residential,48 San Domingo,Novato,CA,94945,2500000,4.0,3.0,Novato,3386.0,19001.0,1987.0,13.0,738.0,,Active,,,http://www.redfin.com/CA/Novato/48-San-Domingo-Way-94945/home/649560,BAREIS,321100331,N,Y,38.1267289,-122.601138
90,MLS Listing,,Single Family Residential,2805 Topaz Dr,Novato,CA,94945,789000,3.0,1.5,Novato,1440.0,3798.0,1970.0,13.0,548.0,64.0,Active,,,http://www.redfin.com/CA/Novato/2805-Topaz-Dr-94945/home/1358970,BAREIS,321092592,N,Y,38.1219851,-122.5249209
91,MLS Listing,,Single Family Residential,280 Fawn Dr,San Anselmo,CA,94960,1985000,6.0,3.0,San Anselmo,3368.0,33001.0,1937.0,13.0,589.0,,Active,November-4-2021 11:00 AM,November-4-2021 02:00 PM,http://www.redfin.com/CA/San-Anselmo/280-Fawn-Dr-94960/home/1227293,San Francisco MLS,321099650,N,Y,38.0046514,-122.5723487
92,MLS Listing,,Condo/Co-op,161 Pixley Ave,Corte Madera,CA,94925,899000,3.0,2.0,Corte Madera,1310.0,4099.0,1962.0,14.0,686.0,696.0,Active,,,http://www.redfin.com/CA/Corte-Madera/161-Pixley-Ave-94925/home/845749,BAREIS,321099931,N,Y,37.929167,-122.525403
93,MLS Listing,,Single Family Residential,26 Salinas Ave,San Anselmo,CA,94960,2095000,4.0,3.0,San Anselmo,2184.0,7600.0,1950.0,14.0,959.0,,Active,,,http://www.redfin.com/CA/San-Anselmo/26-Salinas-Ave-94960/home/1276499,"bridgeMLS, Bay East AOR, or Contra Costa AOR",40970650,N,Y,37.9879837,-122.5650026
94,MLS Listing,,Single Family Residential,229 Tamalpais Rd,Fairfax,CA,94930,1795000,3.0,2.5,Fairfax,2471.0,23549.0,1997.0,14.0,726.0,,Active,,,http://www.redfin.com/CA/Fairfax/229-Tamalpais-Rd-94930/home/22601451,BAREIS,321091405,N,Y,37.9862609,-122.5957936
95,MLS Listing,,Townhouse,37 Porto Bello Dr,San Rafael,CA,94901,869000,3.0,2.5,San Rafael,1560.0,4199.0,1963.0,15.0,557.0,650.0,Active,,,http://www.redfin.com/CA/San-Rafael/37-Porto-Bello-Dr-94901/home/1187772,BAREIS,321100120,N,Y,37.969791,-122.501404
96,MLS Listing,,Single Family Residential,241 Fairway Dr,Novato,CA,94949,2195000,4.0,3.0,Marin CC Estates,2673.0,13390.0,1980.0,15.0,821.0,,Active,November-6-2021 03:00 PM,November-6-2021 05:00 PM,http://www.redfin.com/CA/Novato/241-Fairway-Dr-94949/home/680208,BAREIS,321075641,N,Y,38.0645636,-122.5594354
97,MLS Listing,,Single Family Residential,350 Montezuma Ave,Forest Knolls,CA,94933,249900,2.0,2.0,Forest Knolls,1222.0,12685.0,1924.0,15.0,,,Active,,,http://www.redfin.com/CA/Lagunitas-Forest-Knolls/350-Montezuma-Ave-94933/home/1334691,MetroList,321099884,N,Y,38.0089309,-122.685396
98,MLS Listing,,Vacant Land,8 Parente Rd,Tiburon,CA,94920,3995000,0.0,,Tiburon,,352836.0,,16.0,,,Active,,,http://www.redfin.com/CA/Belvedere-Tiburon/8-Parente-Rd-94920/home/56831726,BAREIS,321099851,N,Y,37.913548,-122.4829
99,MLS Listing,,Single Family Residential,9 Walsh Dr,Mill Valley,CA,94941,12500000,6.0,4.5,Mill Valley,5566.0,32221.0,1994.0,16.0,2246.0,,Active,,,http://www.redfin.com/CA/Mill-Valley/9-Walsh-Dr-94941/home/967252,BAREIS,321099803,N,Y,37.900632,-122.5602749
100,MLS Listing,,Single Family Residential,103 Woodland Rd,Fairfax,CA,94930,2695000,4.0,4.0,Fairfax,3466.0,12900.0,1925.0,17.0,778.0,,Active,,,http://www.redfin.com/CA/Fairfax/103-Woodland-Rd-94930/home/746807,BAREIS,321099656,N,Y,37.9792697,-122.602198
101,MLS Listing,,Single Family Residential,1226 Cambridge St,Novato,CA,94947,899000,3.0,2.0,Novato,1212.0,12001.0,1955.0,18.0,742.0,,Active,,,http://www.redfin.com/CA/Novato/1226-Cambridge-St-94947/home/964409,BAREIS,321098828,N,Y,38.0824874,-122.5594354
102,MLS Listing,,Condo/Co-op,38 Lagoon Vista Rd,Tiburon,CA,94920,1750000,2.0,2.0,Tiburon,1420.0,2400.0,1985.0,18.0,1232.0,1246.0,Active,,,http://www.redfin.com/CA/Tiburon/38-Lagoon-Vista-Rd-94920/home/619455,BAREIS,321099071,N,Y,37.8752799,-122.4553302
103,MLS Listing,,Single Family Residential,190 Ocean Pkwy,Bolinas,CA,94924,2595000,4.0,2.0,Bolinas,2148.0,9100.0,1955.0,18.0,1208.0,,Active,,,http://www.redfin.com/CA/Bolinas/190-Ocean-Pkwy-94924/home/1123251,BAREIS,321099359,N,Y,37.9005209,-122.6977092
104,MLS Listing,,Townhouse,929 Susan Way,Novato,CA,94947,780000,3.0,2.5,Hillside Park,1674.0,1607.0,1980.0,18.0,466.0,429.0,Active,,,http://www.redfin.com/CA/Novato/929-Susan-Way-94947/home/1387773,BAREIS,321086387,N,Y,38.0770024,-122.5506105
105,MLS Listing,,Single Family Residential,5 Marion Ave,Sausalito,CA,94965,2350000,4.0,3.5,Sausalito,2625.0,6268.0,1987.0,18.0,895.0,,Active,,,http://www.redfin.com/CA/Sausalito/5-Marion-Ave-94965/home/1354325,San Francisco MLS,321098860,N,Y,37.8454536,-122.4804904
106,MLS Listing,,Single Family Residential,376 Carrera Dr,Mill Valley,CA,94941,1650000,3.0,2.5,Marinview,1792.0,8024.0,1970.0,18.0,921.0,10.0,Active,November-7-2021 01:00 PM,November-7-2021 04:00 PM,http://www.redfin.com/CA/Mill-Valley/376-Carrera-Dr-94941/home/1250701,BAREIS,321098643,N,Y,37.8696751,-122.5292856
107,MLS Listing,,Single Family Residential,82 Eastview Ave,Tiburon,CA,94920,1877000,3.0,2.0,Tiburon,1869.0,4400.0,1912.0,19.0,1004.0,,Active,,,http://www.redfin.com/CA/Belvedere-Tiburon/82-Eastview-Ave-94920/home/1088922,BAREIS,321098711,N,Y,37.873142,-122.458277
108,MLS Listing,,Multi-Family (2-4 Unit),510 Canal St,San Rafael,CA,94901,1195000,4.0,3.0,San Rafael,2698.0,10498.0,1951.0,19.0,443.0,,Active,,,http://www.redfin.com/CA/San-Rafael/510-Canal-St-94901/home/1051538,San Francisco MLS,321099012,N,Y,37.9666123,-122.5103781
109,MLS Listing,,Townhouse,1411 Casa Buena Dr #35,Corte Madera,CA,94925,649000,2.0,1.0,Corte Madera,828.0,414.0,1964.0,19.0,784.0,526.0,Active,,,http://www.redfin.com/CA/Corte-Madera/1411-Casa-Buena-Dr-94925/unit-35/home/1014794,BAREIS,321084966,N,Y,37.9164186,-122.5118096
110,MLS Listing,,Single Family Residential,79 Oak Ridge Rd,San Rafael,CA,94903,3195000,4.0,3.5,San Rafael,4014.0,47598.0,1998.0,19.0,796.0,,Active,,,http://www.redfin.com/CA/San-Rafael/79-Oak-Ridge-Rd-94903/home/712114,BAREIS,321083945,N,Y,37.9928741,-122.5478361
111,MLS Listing,,Single Family Residential,75 Main Dr,San Rafael,CA,94901,3495000,5.0,4.5,San Rafael,4225.0,90605.0,1967.0,20.0,827.0,,Active,,,http://www.redfin.com/CA/San-Rafael/75-Main-Dr-94901/home/1179148,BAREIS,321098435,N,Y,37.9799835,-122.479407
112,MLS Listing,,Single Family Residential,75 Wild Iris Rd,San Geronimo,CA,94963,3250000,4.0,2.5,French Ranch,3218.0,30653.0,2000.0,20.0,1010.0,258.0,Active,,,http://www.redfin.com/CA/San-Geronimo/75-Wild-Iris-Dr-94963/home/978541,BAREIS,321098401,N,Y,38.0189632,-122.6786449
113,MLS Listing,,Condo/Co-op,306 Larkspur Plaza Dr,Larkspur,CA,94939,649000,2.0,2.0,Larkspur,962.0,1102.0,1973.0,20.0,675.0,633.0,Active,,,http://www.redfin.com/CA/Larkspur/306-Larkspur-Plaza-Dr-94939/home/1404985,BAREIS,321098275,N,Y,37.940504,-122.534768
114,MLS Listing,,Vacant Land,0 Madrone Rd,Fairfax,CA,94930,44900,0.0,,Fairfax,,15002.0,,20.0,,,Active,,,http://www.redfin.com/CA/Fairfax/15-Bolinas-Rd-94930/home/176717479,San Francisco MLS,321098270,N,Y,37.9867388,-122.5888843
115,MLS Listing,,Vacant Land,0 Cypress Dr,Fairfax,CA,94930,12400,0.0,,Fairfax,,7501.0,,20.0,,,Active,,,http://www.redfin.com/CA/Fairfax/55A-Bolinas-Rd-94930/home/176903012,San Francisco MLS,321097573,N,Y,37.9860944,-122.5893041
116,MLS Listing,,Vacant Land,51 El Camino Ave,San Rafael,CA,94901,132000,0.0,,San Rafael,,5837.0,,21.0,,,Active,,,http://www.redfin.com/CA/San-Rafael/51-El-Camino-Ave-94901/home/21824789,BAREIS,321098236,N,Y,37.9747232,-122.5407803
117,MLS Listing,,Single Family Residential,8 Glen Ln,Novato,CA,94945,1699000,4.0,3.0,Novato,3150.0,93249.0,1970.0,21.0,539.0,,Active,,,http://www.redfin.com/CA/Novato/8-Glen-Rd-94945/home/1186280,BAREIS,321096723,N,Y,38.1084639,-122.5122126
118,MLS Listing,,Townhouse,111 Stanford Way,Sausalito,CA,94965,1495000,2.0,2.5,Sausalito,1724.0,1498.0,1987.0,21.0,867.0,649.0,Active,,,http://www.redfin.com/CA/Sausalito/111-Stanford-Way-94965/home/934781,BAREIS,321097019,N,Y,37.8702612,-122.506098
119,MLS Listing,,Vacant Land,15 Andreas Ct,Novato,CA,94945,449000,0.0,,Novato,,36590.0,,22.0,,,Active,,,http://www.redfin.com/CA/Novato/15-Andreas-Ct-94945/home/40100850,BAREIS,321097874,N,Y,38.124513,-122.599858
120,MLS Listing,,Single Family Residential,56 California Ave,Mill Valley,CA,94941,1510000,3.0,1.0,Mill Valley,1102.0,6600.0,1951.0,22.0,1370.0,,Active,,,http://www.redfin.com/CA/Mill-Valley/56-California-Ave-94941/home/610088,CRMLS,IV21222708,N,Y,37.8894805,-122.5345119
121,MLS Listing,,Single Family Residential,8 Saba Ln,Tiburon,CA,94920,3177000,4.0,3.0,Tiburon,2596.0,9300.0,1971.0,22.0,1224.0,2.0,Active,,,http://www.redfin.com/CA/Belvedere-Tiburon/8-Saba-Ln-94920/home/1061431,BAREIS,321097613,N,Y,37.9123058,-122.4749187
122,MLS Listing,,Single Family Residential,19 Lagoon Rd,San Rafael,CA,94901,3597000,4.0,3.5,San Rafael,2978.0,12014.0,1971.0,22.0,1208.0,,Active,,,http://www.redfin.com/CA/San-Rafael/19-Lagoon-Rd-94901/home/711998,BAREIS,321096692,N,Y,37.9844614,-122.47001
123,MLS Listing,,Single Family Residential,335 Tennessee Ave,Mill Valley,CA,94941,1695000,3.0,2.5,Mill Valley,1873.0,5998.0,1979.0,23.0,905.0,,Active,,,http://www.redfin.com/CA/Mill-Valley/335-Tennessee-Ave-94941/home/800606,BAREIS,321092813,N,Y,37.8800716,-122.5315507
124,MLS Listing,,Single Family Residential,93 Pine Dr,Fairfax,CA,94930,825000,2.0,1.0,Fairfax,675.0,222156000.0,1930.0,23.0,1222.0,,Active,,,http://www.redfin.com/CA/Fairfax/93-Pine-Dr-94930/home/1352624,BAREIS,321087897,N,Y,37.9762971,-122.6031237
125,MLS Listing,,Single Family Residential,568 Whitewood Dr,San Rafael,CA,94903,1050000,3.0,2.0,San Rafael,1545.0,6900.0,1954.0,24.0,680.0,,Active,November-7-2021 01:00 PM,November-7-2021 04:00 PM,http://www.redfin.com/CA/San-Rafael/568-Whitewood-Dr-94903/home/708428,BAREIS,321097411,N,Y,38.0146836,-122.5544424
126,MLS Listing,,Mobile/Manufactured Home,25 Gate 6 1/2 Rd,Sausalito,CA,94965,1995000,3.0,3.0,Kappas Marina,1554.0,584.0,2021.0,24.0,1284.0,,Active,,,http://www.redfin.com/CA/Sausalito/25-Gate-6-1-2-Rd-94965/home/144679542,BAREIS,321095980,N,Y,37.876321,-122.508119
127,MLS Listing,,Condo/Co-op,88 Marinero Cir,Tiburon,CA,94920,1100000,2.0,2.5,Tiburon,1440.0,4500.0,1974.0,25.0,764.0,971.0,Active,,,http://www.redfin.com/CA/Belvedere-Tiburon/88-Marinero-Cir-94920/home/614320,BAREIS,321097030,N,Y,37.884029,-122.46164
128,MLS Listing,,Condo/Co-op,160 Lower Via Casitas #8,Greenbrae,CA,94904,649000,2.0,1.0,Greenbrae,882.0,1498.0,1962.0,25.0,736.0,440.0,Active,,,http://www.redfin.com/CA/Greenbrae/160-Lower-Via-Casitas-94904/unit-8/home/1224611,BAREIS,321096293,N,Y,37.9459358,-122.5267615
129,MLS Listing,,Single Family Residential,10 Roseville Ct,Tiburon,CA,94920,3149000,5.0,3.5,Tiburon,3203.0,35700.0,1973.0,25.0,983.0,,Active,,,http://www.redfin.com/CA/Belvedere-Tiburon/10-Roseville-Ct-94920/home/1138805,BAREIS,321094218,N,Y,37.8963726,-122.4822591
130,MLS Listing,,Condo/Co-op,120 Seminary Dr Unit 2E,Mill Valley,CA,94941,995000,3.0,2.0,Mill Valley,1330.0,1799.0,1974.0,25.0,748.0,903.0,Active,,,http://www.redfin.com/CA/Mill-Valley/120-Seminary-Dr-94941/unit-2E/home/1019462,San Francisco MLS,321094386,N,Y,37.8883896,-122.5110633
131,MLS Listing,,Condo/Co-op,20 Lesina Way,Novato,CA,94949,820791,3.0,2.5,Novato,1606.0,1606.0,2021.0,26.0,511.0,415.0,Active,,,http://www.redfin.com/CA/Novato/20-Lesina-Way-94945/home/176675580,"bridgeMLS, Bay East AOR, or Contra Costa AOR",40970088,N,Y,38.1135963,-122.5685749
132,MLS Listing,,Townhouse,125 Red Hill Cir,Tiburon,CA,94920,1999999,3.0,2.5,Marbella Townhomes,2440.0,889.0,1985.0,26.0,820.0,775.0,Active,November-7-2021 01:00 PM,November-7-2021 04:00 PM,http://www.redfin.com/CA/Belvedere-Tiburon/125-Red-Hill-Cir-94920/home/911843,BAREIS,321096311,N,Y,37.880996,-122.460215
133,MLS Listing,,Single Family Residential,44 Elena Cir,San Rafael,CA,94903,1049031,3.0,2.0,San Rafael,1526.0,7410.0,1961.0,26.0,687.0,,Active,November-7-2021 01:00 PM,November-7-2021 04:00 PM,http://www.redfin.com/CA/San-Rafael/44-Elena-Cir-94903/home/704602,BAREIS,321094232,N,Y,38.0092163,-122.550134
134,MLS Listing,,Condo/Co-op,16 Janet Way #155,Tiburon,CA,94920,890000,2.0,1.0,Tiburon,1036.0,1198.0,1963.0,26.0,859.0,559.0,Active,,,http://www.redfin.com/CA/Belvedere-Tiburon/16-Janet-Way-94920/unit-155/home/593379,BAREIS,321096305,N,Y,37.895416,-122.495844
135,MLS Listing,,Single Family Residential,446 Scenic Rd,Fairfax,CA,94930,1049000,4.0,4.0,Fairfax,1556.0,10999.0,1943.0,27.0,674.0,,Active,,,http://www.redfin.com/CA/Fairfax/446-Scenic-Rd-94930/home/1086981,BAREIS,321096050,N,Y,37.9876838,-122.5989738
136,MLS Listing,,Single Family Residential,38 Taft Ct,Novato,CA,94947,1599000,4.0,3.5,Novato,3209.0,12323.0,1969.0,28.0,498.0,,Active,,,http://www.redfin.com/CA/Novato/38-Taft-Ct-94947/home/665727,BAREIS,321095359,N,Y,38.0933143,-122.5733529
137,MLS Listing,,Single Family Residential,17 Presidio,Corte Madera,CA,94925,2200000,4.0,3.0,Corte Madera,2640.0,5401.0,1995.0,28.0,833.0,115.0,Active,,,http://www.redfin.com/CA/Corte-Madera/17-Presidio-Ct-94925/home/1398037,BAREIS,321095500,N,Y,37.9130178,-122.5103781
138,MLS Listing,,Single Family Residential,329 Via La Cumbre,Greenbrae,CA,94904,1639000,3.0,2.0,Greenbrae,1935.0,8960.0,1968.0,29.0,847.0,,Active,,,http://www.redfin.com/CA/Greenbrae/329-Via-La-Cumbre-94904/home/627700,San Francisco MLS,321094349,N,Y,37.9523468,-122.5126547
139,MLS Listing,,Single Family Residential,317 Durant Way,Mill Valley,CA,94941,1649999,3.0,2.5,Marinview,1910.0,5105.0,1972.0,29.0,864.0,10.0,Active,November-7-2021 01:00 PM,November-7-2021 04:00 PM,http://www.redfin.com/CA/Mill-Valley/317-Durant-Way-94941/home/1170722,BAREIS,321094042,N,Y,37.8711935,-122.5303195
140,MLS Listing,,Single Family Residential,8 Chapel Cove Ct,San Rafael,CA,94901,3595000,4.0,4.5,San Rafael,4280.0,19476.0,2005.0,29.0,840.0,200.0,Active,,,http://www.redfin.com/CA/San-Rafael/8-Chapel-Cove-Ct-94901/home/12309492,BAREIS,321083203,N,Y,37.987309,-122.4664942
141,MLS Listing,,Single Family Residential,655 Edgewood Ave,Mill Valley,CA,94941,3175000,4.0,3.5,Mill Valley,3176.0,15481.0,1962.0,29.0,1000.0,,Active,,,http://www.redfin.com/CA/Mill-Valley/655-Edgewood-Ave-94941/home/854754,San Francisco MLS,321094371,N,Y,37.9037069,-122.5667699
142,MLS Listing,,Single Family Residential,6565 Sir Francis Drake Blvd,Forest Knolls,CA,94933,1195000,4.0,2.5,Forest Knolls,1836.0,68398.0,1952.0,31.0,651.0,,Active,,,http://www.redfin.com/CA/Forest-Knolls/6565-Sir-Francis-Drake-Blvd-94933/home/694586,BAREIS,321094989,N,Y,38.0163974,-122.6799094
143,MLS Listing,,Multi-Family (2-4 Unit),11 Mooring Rd,San Rafael,CA,94901,2500000,7.0,6.0,San Rafael,3718.0,10899.0,1962.0,32.0,672.0,,Active,,,http://www.redfin.com/CA/San-Rafael/11-Mooring-Rd-94901/home/757606,BAREIS,321093902,N,Y,37.9678952,-122.5096487
144,MLS Listing,,Condo/Co-op,406 Headlands Ct,Sausalito,CA,94965,769000,1.0,1.0,Sausalito,825.0,1089.0,1981.0,32.0,932.0,512.0,Active,,,http://www.redfin.com/CA/Sausalito/406-Headlands-Ct-94965/home/613269,"bridgeMLS, Bay East AOR, or Contra Costa AOR",40967441,N,Y,37.877839,-122.519006
145,MLS Listing,,Condo/Co-op,741 Deer Valley Rd,San Rafael,CA,94903,2195000,3.0,2.0,San Rafael,2077.0,2836.0,2004.0,32.0,1057.0,3625.0,Active,,,http://www.redfin.com/CA/San-Rafael/741-Deer-Valley-Rd-94903/home/735837,BAREIS,321085829,N,Y,38.023392,-122.5331418
146,MLS Listing,,Single Family Residential,635 Vendola Dr,San Rafael,CA,94903,1195000,4.0,2.0,Santa Venetia,,9801.0,1954.0,32.0,,,Active,,,http://www.redfin.com/CA/San-Rafael/635-Vendola-Dr-94903/home/712181,BAREIS,321094543,N,Y,38.015503,-122.5171856
147,MLS Listing,,Condo/Co-op,110 Seminary Dr Unit 2D,Mill Valley,CA,94941,848000,2.0,2.0,Mill Valley,1196.0,1799.0,1974.0,32.0,709.0,796.0,Active,,,http://www.redfin.com/CA/Mill-Valley/110-Seminary-Dr-94941/unit-2D/home/602652,San Francisco MLS,321093394,N,Y,37.8888123,-122.511859
148,MLS Listing,,Single Family Residential,27345 State Route 1,Tomales,CA,94971,1200000,3.0,2.5,Tomales,2118.0,9601.0,2001.0,33.0,567.0,,Active,,,http://www.redfin.com/CA/Tomales/27345-CA-1-94971/home/636837,BAREIS,321094011,N,Y,38.2492041,-122.9049125
149,MLS Listing,,Single Family Residential,355 Belvedere Ave,Stinson Beach,CA,94970,4295000,2.0,2.5,Stinson Beach,,21479.0,1973.0,33.0,,,Active,,,http://www.redfin.com/CA/Stinson-Beach/355-Belvedere-Ave-94920/home/864325,BAREIS,321094139,N,Y,37.9025868,-122.642912
150,MLS Listing,,Vacant Land,255 Alameda Del Prado,Novato,CA,94949,2310000,0.0,,Novato,,900385.0,,34.0,,,Active,,,http://www.redfin.com/CA/Novato/255-Alameda-del-Prado-94949/home/22240066,BAREIS,321093324,N,Y,38.056193,-122.534129
151,MLS Listing,,Townhouse,22 Cricklewood Dr,Novato,CA,94947,715000,3.0,2.0,Western Oaks Village 05b,1452.0,1215.0,1990.0,34.0,492.0,484.0,Active,November-3-2021 09:30 AM,November-3-2021 12:00 PM,http://www.redfin.com/CA/Novato/22-Cricklewood-Dr-94947/home/749872,BAREIS,321093309,N,Y,38.083417,-122.553739
152,MLS Listing,,Mobile/Manufactured Home,55 Liberty Ship Way Unit 1A,Sausalito,CA,94965,1195000,2.0,2.0,Blue Water,950.0,65340.0,,36.0,1258.0,,Active,,,http://www.redfin.com/CA/Sausalito/55-Liberty-Ship-Way-94965/unit-1A/home/176552385,BAREIS,321093026,N,Y,37.8635058,-122.4926609
153,MLS Listing,,Single Family Residential,1141 Bel Marin Keys Blvd,Novato,CA,94949,1100000,3.0,2.0,Novato,1770.0,9919.0,1980.0,36.0,621.0,84.0,Active,,,http://www.redfin.com/CA/Novato/1141-Bel-Marin-Keys-Blvd-94949/home/1342640,BAREIS,321093003,N,Y,38.0829826,-122.5098255
154,MLS Listing,,Single Family Residential,35 Baypoint Dr,San Rafael,CA,94901,1100000,3.0,2.5,San Rafael,1920.0,2609.0,1991.0,36.0,573.0,300.0,Active,,,http://www.redfin.com/CA/San-Rafael/35-Baypoint-Dr-94901/home/884088,BAREIS,321092900,N,Y,37.962705,-122.496051
155,MLS Listing,,Vacant Land,0 Marinda Ct,Fairfax,CA,94930,3850000,0.0,,Marinda Heights  (10 lots),,4356000.0,,36.0,,,Active,,,http://www.redfin.com/CA/Fairfax/35-Broadway-94930/home/176548190,BAREIS,321090344,N,Y,37.9869187,-122.588766
156,MLS Listing,,Single Family Residential,296 Shoreline Hwy,Mill Valley,CA,94941,1775000,4.0,3.0,Mill Valley,1682.0,5998.0,1995.0,38.0,1055.0,,Active,November-6-2021 01:00 PM,November-6-2021 04:00 PM,http://www.redfin.com/CA/Mill-Valley/296-Shoreline-Hwy-94941/home/1240949,BAREIS,321090779,N,Y,37.8803783,-122.5275609
157,MLS Listing,,Single Family Residential,60 San Rafael Ave,Belvedere,CA,94920,3977000,4.0,2.0,Belvedere,1685.0,7301.0,1941.0,39.0,2360.0,125.0,Active,,,http://www.redfin.com/CA/Belvedere-Tiburon/60-San-Rafael-Ave-94920/home/821377,BAREIS,321092334,N,Y,37.8814853,-122.4710271
158,MLS Listing,,Vacant Land,0 Alta Way #48,Mill Valley,CA,94941,1050000,0.0,,Mill Valley,,32670.0,,39.0,,,Active,,,http://www.redfin.com/CA/Mill-Valley/103-E-Blithedale-Ave-94941/unit-48/home/176523982,BAREIS,321090270,N,Y,37.9056348,-122.5443494
159,MLS Listing,,Single Family Residential,20 Westgate Dr,San Rafael,CA,94903,4950000,4.0,3.5,San Rafael,5056.0,43072.0,1994.0,39.0,979.0,,Active,,,http://www.redfin.com/CA/San-Rafael/20-Westgate-Dr-94903/home/693564,BAREIS,321091721,N,Y,38.0404813,-122.5974941
160,MLS Listing,,Vacant Land,161 Forrest Ave,Fairfax,CA,94930,199000,,,Fairfax,,8500.0,,40.0,,,Active,,,http://www.redfin.com/CA/Fairfax/161-Forrest-Ave-94930/home/173425571,"bridgeMLS, Bay East AOR, or Contra Costa AOR",40968405,N,Y,37.9820898,-122.5842637
161,MLS Listing,,Condo/Co-op,132 Marinero Cir,Tiburon,CA,94920,939900,2.0,2.0,Tiburon,1248.0,3798.0,1974.0,40.0,753.0,833.0,Active,,,http://www.redfin.com/CA/Belvedere-Tiburon/132-Marinero-Cir-94920/home/1332881,BAREIS,321089709,N,Y,37.8834919,-122.462132
162,MLS Listing,,Single Family Residential,11 Riviera Pl,San Rafael,CA,94901,3169000,5.0,4.0,San Rafael,3344.0,20926.0,1961.0,40.0,948.0,11.0,Active,,,http://www.redfin.com/CA/San-Rafael/11-Riviera-Pl-94901/home/823662,BAREIS,321089115,N,Y,37.9905516,-122.4647031
163,MLS Listing,,Condo/Co-op,4226 Shelter Bay Ave,Mill Valley,CA,94941,849000,2.0,2.0,Mill Valley,1054.0,2801.0,1965.0,40.0,806.0,864.0,Active,,,http://www.redfin.com/CA/Mill-Valley/4226-Shelter-Bay-Ave-94941/home/991494,San Francisco MLS,321090578,N,Y,37.8920564,-122.5190098
164,MLS Listing,,Single Family Residential,180 - 182 Locust Ave,Mill Valley,CA,94941,2900000,6.0,3.0,Mill Valley,3700.0,8999.0,1918.0,40.0,784.0,,Active,,,http://www.redfin.com/CA/Mill-Valley/180-Locust-Ave-94941/home/585633,BAREIS,321090377,N,Y,37.902037,-122.5347329
165,MLS Listing,,Condo/Co-op,805 S Eliseo Dr #2,GREENBRAE,CA,94904,995000,2.0,1.5,GREENBRAE,1140.0,,1973.0,41.0,873.0,383.0,Active,,,http://www.redfin.com/CA/Greenbrae/805-S-Eliseo-Dr-94904/unit-2/home/999203,MLSListings,ML81863843,N,Y,37.9438542,-122.5316203
166,MLS Listing,,Condo/Co-op,100 Lucky Dr #110,Corte Madera,CA,94925,819000,2.0,2.0,Corte Madera,975.0,723.0,1987.0,41.0,840.0,520.0,Active,,,http://www.redfin.com/CA/Corte-Madera/100-Lucky-Dr-94925/unit-110/home/573209,BAREIS,321090244,N,Y,37.9380298,-122.52097
167,MLS Listing,,Single Family Residential,1 - 7130 Mount King Rd,Lagunitas,CA,94938,5880000,0.0,2.5,Lagunitas,2170.0,470012.0,1972.0,42.0,2710.0,,Active,,,http://www.redfin.com/CA/Lagunitas/1-Mount-King-Rd-94938/home/176491637,BAREIS,321082234,N,Y,38.0281764,-122.7150745
168,MLS Listing,,Condo/Co-op,1540 Center Rd #269,Novato,CA,94947,325000,1.0,1.0,Novato,661.0,719.0,1975.0,42.0,492.0,450.0,Active,,,http://www.redfin.com/CA/Novato/1540-Center-Rd-94947/unit-269/home/968150,BAREIS,321086154,N,Y,38.0996151,-122.5732976
169,MLS Listing,,Condo/Co-op,400 Deer Valley Rd Unit 4A,San Rafael,CA,94903,799000,2.0,2.0,Smith Ranch,1285.0,1285.0,1991.0,42.0,622.0,3533.0,Active,,,http://www.redfin.com/CA/San-Rafael/400-Deer-Valley-Rd-94903/unit-4A/home/802401,BAREIS,321090851,N,Y,38.0238,-122.534314
170,MLS Listing,,Condo/Co-op,100 Thorndale Dr #125,San Rafael,CA,94903,597000,1.0,2.0,Villa Marin,1030.0,1019.0,1985.0,42.0,580.0,4437.0,Active,,,http://www.redfin.com/CA/San-Rafael/100-Thorndale-Dr-94903/unit-125/home/771720,BAREIS,321090817,N,Y,38.0039449,-122.5495595
171,MLS Listing,,Condo/Co-op,80 Lincoln Dr Unit 2A,Sausalito,CA,94965,949000,2.0,2.0,Sausalito,1277.0,3149.0,1975.0,42.0,743.0,540.0,Active,,,http://www.redfin.com/CA/Sausalito/80-Lincoln-Dr-94965/unit-2A/home/1193487,BAREIS,321083769,N,Y,37.8636325,-122.5055816
172,MLS Listing,,Condo/Co-op,124 Posada Del Sol,Novato,CA,94949,597000,2.0,2.0,Novato,883.0,1146.0,,42.0,676.0,550.0,Active,,,http://www.redfin.com/CA/Novato/124-Posada-Del-Sol-94949/home/1325982,BAREIS,321087992,N,Y,38.060857,-122.534345
173,MLS Listing,,Single Family Residential,21 Canyon Rd,Ross,CA,94957,29000000,8.0,10.0,Ross,11575.0,612454.0,1969.0,43.0,2505.0,,Active,,,http://www.redfin.com/CA/Ross/21-Canyon-Rd-94957/home/1271235,San Francisco MLS,321090491,N,Y,37.9691061,-122.5519866
174,MLS Listing,,Single Family Residential,58 Madrone Park Cir,Mill Valley,CA,94941,1000000,3.0,3.0,Mill Valley,2007.0,9300.0,1927.0,43.0,498.0,,Active,,,http://www.redfin.com/CA/Mill-Valley/58-Madrone-Park-Cir-94941/home/984188,BAREIS,321090505,N,Y,37.8914213,-122.5481675
175,MLS Listing,,Condo/Co-op,1065 S Eliseo Dr,Greenbrae,CA,94904,998000,2.0,2.0,Greenbrae,1370.0,2548.0,1975.0,43.0,728.0,573.0,Active,,,http://www.redfin.com/CA/Greenbrae/1065-S-Eliseo-Dr-94904/home/1115429,BAREIS,321089252,N,Y,37.943191,-122.534248
176,MLS Listing,,Vacant Land,548 Alta Way,Mill Valley,CA,94941,449000,0.0,,Mill Valley,,8843.0,,43.0,,,Active,,,http://www.redfin.com/CA/Mill-Valley/548-Alta-Way-94941/home/21630957,BAREIS,321090220,N,Y,37.8859371,-122.5405398
177,MLS Listing,,Multi-Family (2-4 Unit),25500 State Route 1,Tomales,CA,94971,3995000,4.0,3.0,Tomales,3752.0,638154.0,1901.0,44.0,1065.0,,Active,,,http://www.redfin.com/CA/Tomales/25500-CA-1-94971/home/1039543,BAREIS,321087911,N,Y,38.2278736,-122.9091578
178,MLS Listing,,Vacant Land,0 Silver Hills Rd,Point Reyes Station,CA,94956,1400000,0.0,,Point Reyes Station,,250130.0,,44.0,,,Active,,,http://www.redfin.com/CA/Point-Reyes-Station/11101-CA-1-94956/home/49880842,BAREIS,321088892,N,Y,38.0671202,-122.8045807
179,MLS Listing,,Single Family Residential,47 Marin Bay Park Ct,San Rafael,CA,94901,2500000,4.0,3.5,San Rafael,4120.0,35201.0,1990.0,45.0,607.0,279.0,Active,,,http://www.redfin.com/CA/San-Rafael/47-Marin-Bay-Park-Ct-94901/home/1100507,BAREIS,321090230,N,Y,37.9933221,-122.4557249
180,MLS Listing,,Single Family Residential,271 Fairway Dr,Novato,CA,94949,2995000,4.0,3.5,Novato,3350.0,12240.0,1965.0,46.0,894.0,,Active,,,http://www.redfin.com/CA/Novato/271-Fairway-Dr-94949/home/1363659,BAREIS,321090170,N,Y,38.0637062,-122.5608272
181,MLS Listing,,Single Family Residential,15 Zanco Way,Novato,CA,94947,969900,4.0,2.0,Novato,1104.0,7500.0,1950.0,46.0,879.0,,Active,,,http://www.redfin.com/CA/Novato/15-Zanco-Way-94947/home/652475,CRMLS,AR21204073,N,Y,38.103001,-122.583765
182,MLS Listing,,Vacant Land,0 Summit Dr,Larkspur,CA,94939,199000,0.0,,Larkspur,,28048.0,,46.0,,,Active,,,http://www.redfin.com/CA/Larkspur/0-Summit-DR-94939/home/175952405,BAREIS,321089842,N,Y,37.938818,-122.5344456
183,MLS Listing,,Single Family Residential,1 Fawn Rdg,Fairfax,CA,94930,3780000,5.0,4.0,Fairfax,5310.0,47955.0,1991.0,46.0,712.0,,Active,,,http://www.redfin.com/CA/Fairfax/1-Fawn-Rdg-94930/home/883818,BAREIS,321089132,N,Y,37.9759019,-122.5974814
184,MLS Listing,,Single Family Residential,1510 Sir Francis Drake Blvd,San Anselmo,CA,94960,1275000,3.0,3.0,Marin Estates,1936.0,5250.0,1930.0,47.0,659.0,,Active,,,http://www.redfin.com/CA/San-Anselmo/1510-Sir-Francis-Drake-Blvd-94960/home/1258821,"bridgeMLS, Bay East AOR, or Contra Costa AOR",40967407,N,Y,37.9868841,-122.5772848
185,MLS Listing,,Condo/Co-op,200 Deer Valley Rd Unit 2J,San Rafael,CA,94903,560000,1.0,2.0,Smith Ranch Homes,948.0,,1990.0,47.0,591.0,3232.0,Active,,,http://www.redfin.com/CA/San-Rafael/200-Deer-Valley-Rd-94903/unit-2J/home/1040377,BAREIS,321088428,N,Y,38.0244222,-122.5346334
186,MLS Listing,,Single Family Residential,57 Indian Rock Ct,San Anselmo,CA,94960,2649000,4.0,4.0,San Anselmo,3483.0,23161.0,1970.0,47.0,761.0,,Active,,,http://www.redfin.com/CA/San-Anselmo/57-Indian-Rock-Ct-94960/home/1122937,BAREIS,321088773,N,Y,37.9928482,-122.5704812
187,MLS Listing,,Vacant Land,NA No Street Name,INVERNESS,CA,94937,143000,,,INVERNESS,,15925.0,,48.0,,,Active,,,http://www.redfin.com/CA/Inverness/NA-No-Street-Name-Unknown/home/176389839,MLSListings,ML81862874,N,Y,38.1010337,-122.8569377
188,MLS Listing,,Single Family Residential,25 Fir Ave,Woodacre,CA,94973,1010000,4.0,2.5,Woodacre,2243.0,30627.0,1990.0,48.0,450.0,,Active,,,http://www.redfin.com/CA/Woodacre/25-Fire-Rd-94973/home/12131596,BAREIS,321089067,N,Y,38.0088896,-122.6352297
189,MLS Listing,,Vacant Land,9 Meadow View Ln,San Geronimo,CA,94963,395000,0.0,,San Geronimo,,87556.0,,48.0,,,Active,,,http://www.redfin.com/CA/San-Geronimo/9-Meadow-Way-94963/home/22240057,BAREIS,321088912,N,Y,38.0095574,-122.6554139
190,MLS Listing,,Vacant Land,5 Meadow View Ln,San Geronimo,CA,94963,275000,0.0,,San Geronimo,,67954.0,,48.0,,,Active,,,http://www.redfin.com/CA/San-Geronimo/5-Meadow-Way-94963/home/22240058,BAREIS,321088909,N,Y,38.009538,-122.6544006
191,MLS Listing,,Vacant Land,0 Ramona Ave,Forest Knolls,CA,94933,68000,,,Forest Knolls,,12884.0,,48.0,,,Active,,,http://www.redfin.com/CA/Lagunitas-Forest-Knolls/2-Juarez-Ave-94933/home/39926783,"bridgeMLS, Bay East AOR, or Contra Costa AOR",40967133,N,Y,38.0144723,-122.6887291
192,MLS Listing,,Single Family Residential,26 - 28 Woodward Ave,Sausalito,CA,94965,3999000,4.0,4.5,Sausalito,3279.0,5249.0,1960.0,49.0,1220.0,,Active,November-3-2021 11:00 AM,November-3-2021 04:00 PM,http://www.redfin.com/CA/Sausalito/26-Woodward-Ave-94965/home/986567,BAREIS,321080448,N,Y,37.8598965,-122.4928267
193,MLS Listing,,Single Family Residential,446 Bolinas Rd,Fairfax,CA,94930,1125000,3.0,2.0,Fairfax,1780.0,10585.0,1962.0,49.0,632.0,,Active,November-7-2021 02:00 PM,November-7-2021 04:00 PM,http://www.redfin.com/CA/Fairfax/446-Bolinas-Rd-94930/home/1235699,BAREIS,321087935,N,Y,37.9795471,-122.5959261
194,MLS Listing,,Condo/Co-op,260 Merrydale Rd #25,San Rafael,CA,94903,395000,2.0,1.0,San Rafael,850.0,1002.0,1962.0,49.0,465.0,640.0,Active,,,http://www.redfin.com/CA/San-Rafael/260-Merrydale-Rd-94903/unit-25/home/1011713,BAREIS,321080047,N,Y,37.9978724,-122.5364761
195,MLS Listing,,Single Family Residential,105 Garner Dr,Novato,CA,94947,2495000,5.0,3.5,Novato,5300.0,39105.0,1988.0,49.0,471.0,,Active,,,http://www.redfin.com/CA/Novato/105-Garner-Dr-94947/home/1160504,BAREIS,321086764,N,Y,38.0830442,-122.5810398
196,MLS Listing,,Single Family Residential,333 Oak Manor Dr,Fairfax,CA,94930,845000,3.0,2.0,Fairfax,1290.0,9804.0,1955.0,52.0,655.0,,Active,,,http://www.redfin.com/CA/Fairfax/333-Oak-Manor-Dr-94930/home/828129,BAREIS,321087756,N,Y,38.001601,-122.5947335
197,MLS Listing,,Condo/Co-op,100 Deer Valley Rd Unit 2F,San Rafael,CA,94903,875000,2.0,2.0,San Rafael,1285.0,1285.0,1991.0,52.0,681.0,2702.0,Active,,,http://www.redfin.com/CA/San-Rafael/100-Deer-Valley-Rd-94903/unit-2F/home/1329107,BAREIS,321087665,N,Y,38.0248595,-122.5357052
198,MLS Listing,,Condo/Co-op,200 Deer Valley Rd Unit 2M,San Rafael,CA,94903,549000,1.0,2.0,San Rafael,948.0,932.0,1991.0,53.0,579.0,2398.0,Active,,,http://www.redfin.com/CA/San-Rafael/200-Deer-Valley-Rd-94903/unit-2M/home/1044935,BAREIS,321084616,N,Y,38.0244222,-122.5346334
199,MLS Listing,,Single Family Residential,116 Magee Ave,Mill Valley,CA,94941,1900000,4.0,3.0,Mill Valley,4267.0,35859.0,1930.0,53.0,445.0,,Active,,,http://www.redfin.com/CA/Mill-Valley/116-Magee-Ave-94941/home/919704,BAREIS,321087281,N,Y,37.9139268,-122.5546191
200,MLS Listing,,Single Family Residential,419 Laverne Ave,Mill Valley,CA,94941,3995000,4.0,3.5,Mill Valley,3198.0,10010.0,2021.0,53.0,1249.0,,Active,,,http://www.redfin.com/CA/Mill-Valley/419-Laverne-Ave-94941/home/1233421,BAREIS,321051166,N,Y,37.8967613,-122.5499337
201,MLS Listing,,Single Family Residential,216 Mountain View Ave,San Rafael,CA,94901,5495000,7.0,4.5,San Rafael,5025.0,61855.0,1948.0,54.0,1094.0,,Active,,,http://www.redfin.com/CA/San-Rafael/216-Mountain-View-Ave-94901/home/561181,BAREIS,321086705,N,Y,37.9847379,-122.5132077
202,MLS Listing,,Single Family Residential,204 Waterside Cir,San Rafael,CA,94903,1399000,4.0,3.0,San Rafael,2745.0,5171.0,1995.0,55.0,510.0,321.0,Active,,,http://www.redfin.com/CA/San-Rafael/204-Waterside-Cir-94903/home/715872,BAREIS,321085908,N,Y,38.0080002,-122.526399
203,MLS Listing,,Single Family Residential,350 Los Cerros Dr,Greenbrae,CA,94904,2175000,3.0,2.0,Greenbrae,1873.0,7700.0,1950.0,55.0,1161.0,,Active,November-6-2021 02:00 AM,November-6-2021 04:00 PM,http://www.redfin.com/CA/Kentfield/350-Los-Cerros-Dr-94904/home/862206,BAREIS,321086486,N,Y,37.9543127,-122.5305673
204,MLS Listing,,Condo/Co-op,339 Bahia Ln,San Rafael,CA,94901,389000,2.0,1.0,San Rafael,840.0,1899.0,1973.0,55.0,463.0,449.0,Active,,,http://www.redfin.com/CA/San-Rafael/339-Bahia-Ln-94901/home/767950,BAREIS,321086427,N,Y,37.965266,-122.499039
205,MLS Listing,,Single Family Residential,6751 Sir Francis Drake Blvd,Forest Knolls,CA,94933,1150000,4.0,2.5,Forest Knolls,2592.0,37300.0,1930.0,55.0,444.0,,Active,,,http://www.redfin.com/CA/Lagunitas-Forest-Knolls/6751-Sir-Francis-Drake-Blvd-94933/home/168646955,BAREIS,321085462,N,Y,38.015452,-122.6854635
206,MLS Listing,,Single Family Residential,78 George Ln,Sausalito,CA,94965,1895000,3.0,2.0,Sausalito,1963.0,9074.0,1968.0,55.0,965.0,,Active,,,http://www.redfin.com/CA/Sausalito/78-George-Ln-94965/home/972268,BAREIS,321086006,N,Y,37.8548556,-122.490616
207,MLS Listing,,Single Family Residential,20 Valleyview Ter,Novato,CA,94949,2199000,4.0,3.5,Pointe Marin,4461.0,8847.0,2005.0,56.0,493.0,28.0,Active,,,http://www.redfin.com/CA/Novato/20-Valleyview-Ter-94949/home/733102,BAREIS,321085748,N,Y,38.0739313,-122.5643399
208,MLS Listing,,Single Family Residential,2032 Paradise Dr,Tiburon,CA,94920,4895000,4.0,3.0,Tiburon,2194.0,8668.0,1919.0,56.0,2231.0,,Active,,,http://www.redfin.com/CA/Belvedere-Tiburon/2032-Paradise-Dr-94920/home/1271039,BAREIS,321085675,N,Y,37.8732644,-122.4493557
209,MLS Listing,,Single Family Residential,292 - 294 Miller Ave,Mill Valley,CA,94941,1799000,3.0,3.0,Mill Valley,2327.0,5550.0,1957.0,56.0,773.0,,Active,,,http://www.redfin.com/CA/Mill-Valley/292-Miller-Ave-94941/home/174475841,BAREIS,321083384,N,Y,37.8995232,-122.5396457
210,MLS Listing,,Single Family Residential,137 Santa Rosa Ave,Sausalito,CA,94965,2650000,4.0,3.5,Sausalito,3578.0,10999.0,1904.0,56.0,741.0,,Active,,,http://www.redfin.com/CA/Sausalito/137-Santa-Rosa-Ave-94965/home/967665,BAREIS,321071738,N,Y,37.8541927,-122.4855976
211,MLS Listing,,Single Family Residential,90 Upper Toyon Dr,Kentfield,CA,94904,2995000,4.0,3.5,Kentfield,3309.0,33598.0,1977.0,58.0,905.0,,Active,,,http://www.redfin.com/CA/Kentfield/90-Upper-Toyon-Dr-94904/home/752523,BAREIS,321083533,N,Y,37.9620523,-122.5362797
212,MLS Listing,,Single Family Residential,10 Buckeye Rd,Belvedere,CA,94920,3997777,5.0,5.0,Belvedere,3640.0,22682.0,1958.0,61.0,1098.0,,Active,,,http://www.redfin.com/CA/Belvedere-Tiburon/10-Buckeye-Rd-94920/home/1154905,BAREIS,321084467,N,Y,37.874666,-122.4695235
213,MLS Listing,,Townhouse,490 Canal St #14,San Rafael,CA,94901,729000,2.0,1.5,San Rafael,1320.0,2134.0,1975.0,63.0,552.0,601.0,Active,,,http://www.redfin.com/CA/San-Rafael/490-Canal-St-94901/unit-14/home/957764,BAREIS,321083715,N,Y,37.966568,-122.5102014
214,MLS Listing,,Single Family Residential,118 Tamalpais Rd,Fairfax,CA,94930,799900,1.0,1.0,Fairfax,1174.0,7600.0,1958.0,64.0,681.0,,Active,,,http://www.redfin.com/CA/Fairfax/118-Tamalpais-Rd-94930/home/536787,"bridgeMLS, Bay East AOR, or Contra Costa AOR",40965189,N,Y,37.9891521,-122.5978254
215,MLS Listing,,Multi-Family (2-4 Unit),43 Pacheco St,San Rafael,CA,94901,995000,3.0,3.0,San Rafael,,2884.0,1923.0,66.0,,,Active,,,http://www.redfin.com/CA/San-Rafael/43-Pacheco-St-94901/home/1027973,BAREIS,321082530,N,Y,37.9757949,-122.5223131
216,MLS Listing,,Single Family Residential,200 Los Ranchitos Rd,San Rafael,CA,94903,995000,3.0,2.0,San Rafael,1298.0,8908.0,1955.0,68.0,767.0,,Active,November-7-2021 02:00 PM,November-7-2021 04:00 PM,http://www.redfin.com/CA/San-Rafael/200-Los-Ranchitos-Rd-94903/home/918235,San Francisco MLS,321080844,N,Y,37.997514,-122.5410527
217,MLS Listing,,Multi-Family (5+ Unit),407 Maple St,Mill Valley,CA,94941,2100000,0.0,2.0,Mill Valley,2834.0,7749.0,1967.0,68.0,741.0,,Active,,,http://www.redfin.com/CA/Mill-Valley/407-Maple-St-94941/home/896586,BAREIS,321082048,N,Y,37.8795623,-122.5380033
218,MLS Listing,,Condo/Co-op,406 Verandah Ave #65,Novato,CA,94945,865687,3.0,3.0,Novato,1600.0,640.0,2021.0,69.0,541.0,306.0,Active,,,http://www.redfin.com/CA/Novato/406-Verandah-AVE-94945/unit-65/home/176211132,"bridgeMLS, Bay East AOR, or Contra Costa AOR",40964485,N,Y,38.1218145,-122.5485873
219,MLS Listing,,Condo/Co-op,402 Verandah Ave #66,Novato,CA,94945,898468,3.0,2.5,Novato,1770.0,640.0,2021.0,69.0,508.0,306.0,Active,,,http://www.redfin.com/CA/Novato/402-Verandah-AVE-94945/unit-66/home/176211130,"bridgeMLS, Bay East AOR, or Contra Costa AOR",40964484,N,Y,38.1218145,-122.5485873
220,MLS Listing,,Single Family Residential,2 Summer Ave,Fairfax,CA,94930,1345500,3.0,2.0,Deer Park,1424.0,6477.0,1989.0,69.0,945.0,,Active,,,http://www.redfin.com/CA/Fairfax/2-Summer-Ave-94930/home/1250958,BAREIS,321074113,N,Y,37.9832741,-122.5891679
221,MLS Listing,,Single Family Residential,305 Norton Ave,Novato,CA,94945,1325000,3.0,2.0,Novato,2032.0,15002.0,1973.0,69.0,652.0,,Active,November-7-2021 01:00 PM,November-7-2021 03:00 PM,http://www.redfin.com/CA/Novato/305-Norton-Ave-94945/home/676307,BAREIS,321072214,N,Y,38.104532,-122.4964964
222,MLS Listing,,Single Family Residential,155 W Oak Knl,San Anselmo,CA,94960,3200000,2.0,3.0,San Anselmo,2848.0,310400.0,1979.0,70.0,1124.0,,Active,,,http://www.redfin.com/CA/San-Anselmo/155-W-Oak-Knoll-Dr-94960/home/1246698,BAREIS,321080953,N,Y,38.0025271,-122.5847986
223,MLS Listing,,Condo/Co-op,651 Larkspur Plaza Dr,Larkspur,CA,94939,795000,2.0,2.0,Larkspur,1045.0,758.0,1973.0,70.0,761.0,654.0,Active,,,http://www.redfin.com/CA/Larkspur/651-Larkspur-Plaza-Dr-94939/home/1393480,BAREIS,321073266,N,Y,37.941819,-122.533768
224,MLS Listing,,Single Family Residential,33 Drakes Cove Ct,Larkspur,CA,94939,3980000,4.0,3.5,Larkspur,4317.0,6813.0,2021.0,71.0,922.0,322.0,Active,,,http://www.redfin.com/CA/Larkspur/33-Drakes-Cove-Ct-94939/home/22246939,BAREIS,321080919,N,Y,37.9451084,-122.5022465
225,MLS Listing,,Multi-Family (2-4 Unit),109 - 111 Marion Ave,Sausalito,CA,94965,3400000,4.0,4.0,Sausalito,3010.0,8398.0,1957.0,71.0,1130.0,,Active,,,http://www.redfin.com/CA/Sausalito/109-Marion-Ave-94965/home/143831699,BAREIS,321080794,N,Y,37.8473474,-122.4827566
226,MLS Listing,,Condo/Co-op,418 Verandah Ave #62,Novato,CA,94945,863110,3.0,3.0,Novato,1600.0,640.0,2021.0,72.0,539.0,325.0,Active,,,http://www.redfin.com/CA/Novato/418-Verandah-AVE-94945/unit-62/home/176173509,"bridgeMLS, Bay East AOR, or Contra Costa AOR",40964251,N,Y,38.1218145,-122.5485873
227,MLS Listing,,Condo/Co-op,422 Verandah Ave #61,Novato,CA,94945,888631,3.0,2.5,Novato,1770.0,640.0,2021.0,72.0,502.0,325.0,Active,,,http://www.redfin.com/CA/Novato/7025-Redwood-Blvd-94945/unit-61/home/176173499,"bridgeMLS, Bay East AOR, or Contra Costa AOR",40964249,N,Y,38.0977211,-122.5656602
228,MLS Listing,,Townhouse,1048 Los Gamos Unit E,San Rafael,CA,94903,508000,3.0,1.5,San Rafael,1310.0,2056.0,,73.0,388.0,1388.0,Active,November-7-2021 01:00 PM,November-7-2021 04:00 PM,http://www.redfin.com/CA/San-Rafael/1048-Los-Gamos-Rd-94903/unit-E/home/176167738,BAREIS,321079102,N,Y,38.011043,-122.5427983
229,MLS Listing,,Townhouse,39 Crescent Ave,Sausalito,CA,94965,2599000,3.0,3.5,Sausalito,2202.0,,,74.0,1180.0,400.0,Active,,,http://www.redfin.com/CA/Sausalito/39-Crescent-Ave-94965/home/172435212,San Francisco MLS,321079937,N,Y,37.8483036,-122.4851235
230,MLS Listing,,Condo/Co-op,777 Grand Ave #204,San Rafael,CA,94901,530000,0.0,,San Rafael,1066.0,1067.0,1988.0,75.0,497.0,590.0,Active,,,http://www.redfin.com/CA/San-Rafael/777-Grand-Ave-94901/unit-204/home/176155816,BAREIS,321078427,N,Y,37.9698156,-122.5196981
231,MLS Listing,,Single Family Residential,139 Tamal Vista Dr,San Rafael,CA,94901,1300000,3.0,1.5,San Rafael,1352.0,32112.0,1952.0,76.0,962.0,,Active,,,http://www.redfin.com/CA/San-Rafael/139-Tamal-Vista-Dr-94901/home/1315292,BAREIS,321079486,N,Y,37.979944,-122.550615
232,MLS Listing,,Single Family Residential,106 Cloud View Rd,Sausalito,CA,94965,4350000,4.0,3.5,The Hill,3245.0,10251.0,,78.0,1341.0,,Active,,,http://www.redfin.com/CA/Sausalito/106-Cloud-View-Rd-94965/home/1009839,BAREIS,321078291,N,Y,37.8518645,-122.4886264
233,MLS Listing,,Vacant Land,3 Heathcliff Dr,Tiburon,CA,94920,5000000,0.0,,Tiburon,,15002.0,,78.0,,8.0,Active,,,http://www.redfin.com/CA/Belvedere-Tiburon/3-Heathcliff-Dr-94920/home/22276746,BAREIS,321066927,N,Y,37.88829,-122.456194
234,MLS Listing,,Vacant Land,38 Upper Fremont,San Rafael,CA,94901,325000,0.0,,San Rafael,,7976.0,,78.0,,,Active,,,http://www.redfin.com/CA/San-Rafael/38-Upper-Fremont-Dr-94901/home/176128247,BAREIS,321077001,N,Y,37.9717066,-122.5418665
235,MLS Listing,,Vacant Land,1800 Old Rancheria Rd,Nicasio,CA,94946,1500000,0.0,,Nicasio,,1131781.0,,79.0,,,Active,,,http://www.redfin.com/CA/Nicasio/1800-Old-Rancheria-Rd-94946/home/176128043,BAREIS,321078253,N,Y,38.0750752,-122.6683048
236,MLS Listing,,Single Family Residential,400 Monte Vista Ave,Mill Valley,CA,94941,4450000,5.0,5.5,Mill Valley,5448.0,22847.0,1988.0,81.0,817.0,,Active,,,http://www.redfin.com/CA/Mill-Valley/400-Monte-Vista-Ave-94941/home/1192574,San Francisco MLS,321077919,N,Y,37.9103279,-122.5633678
237,MLS Listing,,Single Family Residential,4 Park Pl,Tiburon,CA,94920,4677000,5.0,6.0,Tiburon,6249.0,51401.0,1989.0,81.0,748.0,,Active,,,http://www.redfin.com/CA/Belvedere-Tiburon/4-Park-Pl-94920/home/1366685,BAREIS,321077204,N,Y,37.9175047,-122.4870125
238,MLS Listing,,Single Family Residential,1401 Nicasio Valley Rd,Nicasio,CA,94946,5550000,0.0,,Nicasio,30000.0,6926040.0,,81.0,185.0,,Active,,,http://www.redfin.com/CA/Nicasio/1401-Nicasio-Valley-Rd-94946/home/39502315,BAREIS,321076169,N,Y,38.0272575,-122.6665904
239,MLS Listing,,Single Family Residential,704 Bay Rd,Mill Valley,CA,94941,1650000,3.0,2.0,Mill Valley,1800.0,8699.0,1953.0,82.0,917.0,,Active,,,http://www.redfin.com/CA/Mill-Valley/704-Bay-Rd-94941/home/1084740,BAREIS,321073277,N,Y,37.8787802,-122.5423343
240,MLS Listing,,Condo/Co-op,270 Channing Way #14,San Rafael,CA,94903,724000,2.0,2.0,San Rafael,1366.0,1368.0,1989.0,87.0,530.0,554.0,Active,,,http://www.redfin.com/CA/San-Rafael/270-Channing-Way-94903/unit-14/home/1140187,BAREIS,321073399,N,Y,38.0095208,-122.5348022
241,MLS Listing,,Condo/Co-op,300 Deer Valley Rd Unit 2F,San Rafael,CA,94903,828000,2.0,2.0,Smith Ranch Homes,1261.0,,1990.0,89.0,657.0,3533.0,Active,,,http://www.redfin.com/CA/San-Rafael/300-Deer-Valley-Rd-94903/unit-2F/home/807862,BAREIS,321073530,N,Y,38.0251156,-122.5347881
242,MLS Listing,,Multi-Family (5+ Unit),210 Lower Via Casitas,GREENBRAE,CA,94904,10880000,33.0,34.5,GREENBRAE,21300.0,34848.0,1975.0,90.0,511.0,,Active,,,http://www.redfin.com/CA/Greenbrae/210-Lower-Via-Casitas-94904/home/1128860,MLSListings,ML81856753,N,Y,37.9463605,-122.5269762
243,MLS Listing,,Multi-Family (2-4 Unit),185 Gilmartin Dr,Tiburon,CA,94920,17800000,7.0,9.0,Tiburon,13836.0,60021.0,1999.0,92.0,1286.0,,Active,,,http://www.redfin.com/CA/Belvedere-Tiburon/185-Gilmartin-Dr-94920/home/986034,BAREIS,321073098,N,Y,37.8912045,-122.4663173
244,MLS Listing,,Multi-Family (2-4 Unit),6701 Red Hill Rd,Petaluma,CA,94952,6000000,6.0,2.0,Petaluma,,33628320.0,,94.0,,,Active,,,http://www.redfin.com/CA/Petaluma/6701-Red-Hill-Rd-94952/home/169570180,BAREIS,321072242,N,Y,38.1812062,-122.6687498
245,MLS Listing,,Vacant Land,0 6th St,Point Reyes Station,CA,94956,1500000,0.0,,Point Reyes Station,,39640.0,,95.0,,,Active,,,http://www.redfin.com/CA/Point-Reyes-Station/6th-St-94956/home/101096183,BAREIS,321071757,N,Y,38.069031,-122.809494
246,MLS Listing,,Single Family Residential,119 Sausalito Blvd,Sausalito,CA,94965,1595000,2.0,1.5,Sausalito,1422.0,3498.0,1961.0,95.0,1122.0,,Active,,,http://www.redfin.com/CA/Sausalito/119-Sausalito-Blvd-94965/home/775115,BAREIS,321070142,N,Y,37.8475906,-122.4824802
247,MLS Listing,,Single Family Residential,20 -  Old Landing Rd,Tiburon,CA,94920,3500000,3.0,2.5,Tiburon,2520.0,94090.0,2002.0,96.0,1389.0,,Active,,,http://www.redfin.com/CA/Belvedere-Tiburon/20-Old-Landing-Rd-94920/home/1185092,BAREIS,321071770,N,Y,37.9048228,-122.4768423
248,MLS Listing,,Condo/Co-op,110 Redhawk Rd,Novato,CA,94949,799999,3.0,2.5,Novato,1731.0,1599.0,1990.0,97.0,462.0,529.0,Active,November-3-2021 10:00 AM,November-3-2021 12:00 PM,http://www.redfin.com/CA/Novato/110-Redhawk-Rd-94949/home/686753,BAREIS,321067331,N,Y,38.0444249,-122.538769
249,MLS Listing,,Condo/Co-op,100 Thorndale Dr #136,San Rafael,CA,94903,499000,2.0,2.0,Villa Marin,1120.0,1089.0,1985.0,97.0,446.0,4437.0,Active,,,http://www.redfin.com/CA/San-Rafael/100-Thorndale-Dr-94903/unit-136/home/1136382,BAREIS,321071118,N,Y,38.0039449,-122.5495595
250,MLS Listing,,Vacant Land,200 Toyon Dr,Fairfax,CA,94930,575000,0.0,,Fairfax,,457380.0,,98.0,,,Active,,,http://www.redfin.com/CA/Fairfax/200-Toyon-Dr-94930/home/17546926,BAREIS,321060561,N,Y,37.9814318,-122.6009769
251,MLS Listing,,Townhouse,14 Terrace Dr,Sausalito,CA,94965,800000,2.0,2.0,Marin Townhomes,1234.0,1616.0,1997.0,98.0,648.0,348.0,Active,,,http://www.redfin.com/CA/Sausalito/14-Terrace-Dr-94965/home/1328037,BAREIS,321070910,N,Y,37.8692898,-122.5104223
252,MLS Listing,,Vacant Land,1 Summit Dr,Woodacre,CA,94973,889000,0.0,,Woodacre,,1089000.0,,102.0,,,Active,,,http://www.redfin.com/CA/Woodacre/1-Summit-Dr-94973/home/22350503,BAREIS,321070002,N,Y,37.9979017,-122.6368165
253,MLS Listing,,Condo/Co-op,50 Via Belardo #12,Greenbrae,CA,94904,649000,1.0,1.5,Greenbrae,1080.0,732.0,1972.0,102.0,601.0,389.0,Active,,,http://www.redfin.com/CA/Kentfield/50-Via-Belardo-94904/unit-12/home/569588,BAREIS,321068195,N,Y,37.945926,-122.528653
254,MLS Listing,,Vacant Land,0 Larch Rd,Bolinas,CA,94924,114000,0.0,,Bolinas,,3999.0,,105.0,,,Active,,,http://www.redfin.com/CA/Bolinas/230-Larch-Rd-94924/home/1041321,MetroList,321067581,N,Y,37.9033564,-122.7043279
255,MLS Listing,,Single Family Residential,459 Ridge Rd,Novato,CA,94947,1499000,4.0,3.5,Novato Heights,3243.0,130946.0,1975.0,106.0,462.0,,Active,,,http://www.redfin.com/CA/Novato/459-Ridge-Rd-94947/home/791316,BAREIS,321064344,N,Y,38.094222,-122.589455
256,MLS Listing,,Single Family Residential,189 Gilmartin Dr,Tiburon,CA,94920,7977000,7.0,6.0,Tiburon,7560.0,40729.0,2006.0,109.0,1055.0,,Active,,,http://www.redfin.com/CA/Belvedere-Tiburon/189-Gilmartin-Dr-94920/home/1286616,BAREIS,321066585,N,Y,37.8918826,-122.4659856
257,MLS Listing,,Single Family Residential,290 Norton Ave,Novato,CA,94945,1279000,3.0,3.0,Novato,1934.0,11064.0,2000.0,109.0,661.0,,Active,,,http://www.redfin.com/CA/Novato/290-Norton-Ave-94945/home/678130,BAREIS,321064653,N,Y,38.1061091,-122.4961869
258,MLS Listing,,Single Family Residential,70 Rock Rd,Kentfield,CA,94904,5495000,4.0,5.0,Kentfield,5910.0,83200.0,1980.0,110.0,930.0,,Active,,,http://www.redfin.com/CA/Kentfield/70-Rock-Rd-94904/home/1264096,BAREIS,321065892,N,Y,37.9550846,-122.5568461
259,MLS Listing,,Condo/Co-op,431 Bahia Way,San Rafael,CA,94901,369000,2.0,1.0,San Rafael,840.0,1899.0,1973.0,111.0,439.0,469.0,Active,,,http://www.redfin.com/CA/San-Rafael/431-Bahia-Way-94901/home/1277786,San Francisco MLS,321065243,N,Y,37.964262,-122.499196
260,MLS Listing,,Single Family Residential,57 Summit Rd,San Anselmo,CA,94960,3195000,5.0,4.5,San Anselmo,5316.0,72079.0,1988.0,112.0,601.0,,Active,,,http://www.redfin.com/CA/San-Anselmo/57-Summit-Rd-94960/home/1306393,BAREIS,321054917,N,Y,37.979724,-122.5807085
261,MLS Listing,,Single Family Residential,1 Via Vandyke,Mill Valley,CA,94941,8995000,6.0,5.5,Mill Valley,7545.0,22002.0,1975.0,113.0,1192.0,,Active,,,http://www.redfin.com/CA/Mill-Valley/1-Via-Vandyke-94941/home/885326,BAREIS,321064130,N,Y,37.912316,-122.5403898
262,MLS Listing,,Vacant Land,5760 Lucas Valley Rd,Nicasio,CA,94946,1100000,0.0,,Nicasio,,1045876.0,,116.0,,,Active,,,http://www.redfin.com/CA/Nicasio/5760-Lucas-Valley-Rd-94946/home/28667887,BAREIS,321062334,N,Y,38.052703,-122.655348
263,MLS Listing,,Condo/Co-op,300 Deer Valley Rd Unit 1A,San Rafael,CA,94903,860000,2.0,2.0,Smith Ranch Homes,1263.0,,1990.0,116.0,681.0,3535.0,Active,,,http://www.redfin.com/CA/San-Rafael/300-Deer-Valley-Rd-94903/unit-1A/home/1068019,BAREIS,321056240,N,Y,38.0251156,-122.5347881
264,MLS Listing,,Single Family Residential,3 Via Paraiso W,Tiburon,CA,94920,13750000,6.0,7.0,Tiburon,8500.0,54450.0,1992.0,116.0,1618.0,,Active,,,http://www.redfin.com/CA/Belvedere-Tiburon/3-Via-Paraiso-W-94920/home/1410264,BAREIS,321032070,N,Y,37.8888786,-122.4732248
265,MLS Listing,,Single Family Residential,12700 State Route 1,POINT REYES STATION,CA,94956,5500000,4.0,4.0,POINT REYES STATION,3200.0,3621578.0,1961.0,117.0,1719.0,,Active,,,http://www.redfin.com/CA/Point-Reyes-Station/12700-Shoreline-Hwy-94956/home/170124255,MLSListings,ML81851638,N,Y,38.0940577,-122.8163392
266,MLS Listing,,Single Family Residential,105 Crescent Ave,Sausalito,CA,94965,3500000,3.0,3.5,Sausalito,2658.0,4199.0,2014.0,118.0,1317.0,,Active,,,http://www.redfin.com/CA/Sausalito/105-Crescent-Ave-94965/home/22390994,BAREIS,321062256,N,Y,37.8496256,-122.4861165
267,MLS Listing,,Condo/Co-op,100 Thorndale Dr #412,San Rafael,CA,94903,498000,2.0,2.0,San Rafael,1120.0,1089.0,1985.0,119.0,445.0,4851.0,Active,,,http://www.redfin.com/CA/San-Rafael/100-Thorndale-Dr-94903/unit-412/home/1149105,BAREIS,321061300,N,Y,38.0039449,-122.5495595
268,MLS Listing,,Vacant Land,7 Via Vandyke,Mill Valley,CA,94941,995000,0.0,,Mill Valley,,19998.0,,123.0,,,Active,,,http://www.redfin.com/CA/Mill-Valley/7-Via-Vandyke-94941/home/17546611,BAREIS,321060357,N,Y,37.9128219,-122.5402999
269,MLS Listing,,Single Family Residential,16 Manzanita Pl,Mill Valley,CA,94941,2650000,5.0,3.0,Mill Valley,3290.0,27931.0,1976.0,124.0,805.0,,Active,,,http://www.redfin.com/CA/Mill-Valley/16-Manzanita-Pl-94941/home/889300,San Francisco MLS,321047298,N,Y,37.9193573,-122.5559005
270,MLS Listing,,Multi-Family (2-4 Unit),260 E Blithedale Ave,Mill Valley,CA,94941,3995000,3.0,3.5,Mill Valley,5122.0,8002.0,,125.0,780.0,,Active,,,http://www.redfin.com/CA/Mill-Valley/260-E-Blithedale-Ave-94941/home/175586173,BAREIS,321059513,N,Y,37.9035665,-122.541226
271,MLS Listing,,Multi-Family (2-4 Unit),124 E Blithedale Ave,Mill Valley,CA,94941,2795000,4.0,3.0,Mill Valley,3780.0,6384.0,1946.0,125.0,739.0,,Active,,,http://www.redfin.com/CA/Mill-Valley/124-E-Blithedale-Ave-94941/home/11893952,BAREIS,321059389,N,Y,37.9051597,-122.5443229
272,MLS Listing,,Vacant Land,501 Scenic,Fairfax,CA,94930,135000,0.0,,Fairfax,,8377.0,,126.0,,,Active,,,http://www.redfin.com/CA/Fairfax/501-Scenic-Rd-94930/home/175579113,BAREIS,321059588,N,Y,37.9877557,-122.6014032
273,MLS Listing,,Vacant Land,2 Madrone,Novato,CA,94945,749000,0.0,,Novato,,116741.0,,127.0,,,Active,,,http://www.redfin.com/CA/Novato/2-Madrone-94945/home/176647592,BAREIS,321059190,N,Y,38.1218145,-122.5485873
274,MLS Listing,,Condo/Co-op,2227 Centro East St,Tiburon,CA,94920,1485000,1.0,1.0,Tiburon,815.0,815.0,1956.0,130.0,1822.0,,Active,,,http://www.redfin.com/CA/Tiburon/2227-E-Centro-St-94920/home/729687,BAREIS,321058604,N,Y,37.877285,-122.449103
275,MLS Listing,,Single Family Residential,,San Rafael,CA,94903,800000,4.0,3.0,Los Ranchitos,2128.0,54520.0,1955.0,130.0,376.0,5.0,Active,,,http://www.redfin.com/CA/San-Rafael/Undisclosed-address-94903/home/712130,BAREIS,321058082,N,Y,37.9932629,-122.5426878
276,MLS Listing,,Vacant Land,255 Round Hill Rd,Tiburon,CA,94920,2795000,0.0,,Tiburon,,17102.0,,134.0,,,Active,,,http://www.redfin.com/CA/Tiburon/255-Round-Hill-Rd-94920/home/175530607,BAREIS,321051109,N,Y,37.8899994,-122.4692539
277,MLS Listing,,Vacant Land,110 Sunny Oaks Dr,San Rafael,CA,94903,249000,0.0,,San Rafael,,79715.0,,137.0,,,Active,,,http://www.redfin.com/CA/San-Rafael/110-Sunny-Oaks-Dr-94903/home/168647133,BAREIS,321050559,N,Y,38.011097,-122.515629
278,MLS Listing,,Vacant Land,226 Rose Ave,Mill Valley,CA,94941,220000,,,Mill Valley,,34460.0,,137.0,,,Active,,,http://www.redfin.com/CA/Mill-Valley/226-Rose-Ave-94941/home/22343772,CRMLS,IV21133043,N,Y,37.904548,-122.564273
279,MLS Listing,,Vacant Land,2 Wainwright Pl,Mill Valley,CA,94941,1150000,,,Mill Valley,,43592.0,,138.0,,,Active,,,http://www.redfin.com/CA/Mill-Valley/2-Wainwright-Pl-94941/home/18758498,"bridgeMLS, Bay East AOR, or Contra Costa AOR",40954817,N,Y,37.9090622,-122.5622234
280,MLS Listing,,Vacant Land,0 W Nicasio Rd,San Geronimo,CA,96963,800000,0.0,,San Geronimo,,56018.0,,140.0,,289.0,Active,,,http://www.redfin.com/CA/San-Geronimo/0-W-Nicasio-RD-96963/home/172672673,BAREIS,321053459,N,Y,38.020771,-122.671757
281,MLS Listing,,Single Family Residential,125 Willow Ave,Corte Madera,CA,94925,1997000,8.0,7.0,Corte Madera,2644.0,5001.0,1910.0,143.0,755.0,,Active,,,http://www.redfin.com/CA/Corte-Madera/125-Willow-Ave-94925/home/1414446,BAREIS,321051618,N,Y,37.9267789,-122.5281917
282,MLS Listing,,Single Family Residential,2472 Mar East St,Tiburon,CA,94920,4877000,3.0,4.0,Tiburon,3550.0,5502.0,1996.0,145.0,1374.0,,Active,,,http://www.redfin.com/CA/Belvedere-Tiburon/2472-E-Mar-St-94920/home/1189006,BAREIS,321051101,N,Y,37.8777884,-122.444135
283,MLS Listing,,Condo/Co-op,200 Deer Valley Rd Unit 4A,San Rafael,CA,94903,849000,2.0,2.0,Smith Ranch Homes,1285.0,1285.0,1991.0,148.0,661.0,3533.0,Active,,,http://www.redfin.com/CA/San-Rafael/200-Deer-Valley-Rd-94903/unit-4A/home/676821,BAREIS,321050146,N,Y,38.0244222,-122.5346334
284,MLS Listing,,Condo/Co-op,747 Drake Ave,Sausalito,CA,94965,469900,2.0,1.0,Sausalito,916.0,76186.0,1964.0,151.0,513.0,554.0,Active,,,http://www.redfin.com/CA/Sausalito/747-Drake-Ave-94965/home/175275251,BAREIS,321049715,N,Y,37.8740337,-122.5142525
285,MLS Listing,,Vacant Land,101 B St,Point Reyes Station,CA,94956,1250000,0.0,,Point Reyes Station,,54054.0,,151.0,,,Active,,,http://www.redfin.com/CA/Point-Reyes-Station/101-B-St-94956/home/175273549,BAREIS,321049511,N,Y,38.0664717,-122.8061395
286,MLS Listing,,Single Family Residential,58 Greenbrae Boardwalk,Greenbrae,CA,94904,1219000,3.0,2.0,Greenbrae,2153.0,38071.0,1980.0,153.0,566.0,,Active,,,http://www.redfin.com/CA/Kentfield/58-Greenbrae-Boardwalk-94904/home/571780,BAREIS,321047129,N,Y,37.9415258,-122.5117043
287,MLS Listing,,Condo/Co-op,100 Thorndale Dr #245,San Rafael,CA,94903,105000,1.0,1.0,San Rafael,660.0,649.0,1985.0,158.0,159.0,3737.0,Active,,,http://www.redfin.com/CA/San-Rafael/100-Thorndale-Dr-94903/unit-245/home/1253819,BAREIS,321046200,N,Y,38.0039449,-122.5495595
288,MLS Listing,,Single Family Residential,206 Stanford Ave,Mill Valley,CA,94941,5995000,6.0,5.0,Mill Valley,5350.0,99988.0,1986.0,160.0,1121.0,,Active,,,http://www.redfin.com/CA/Mill-Valley/206-Stanford-Ave-94941/home/1374613,BAREIS,321045431,N,Y,37.8850833,-122.5311971
289,MLS Listing,,Condo/Co-op,100 Thorndale Dr #436,San Rafael,CA,94903,225000,1.0,1.0,San Rafael,660.0,649.0,1985.0,164.0,341.0,3800.0,Active,,,http://www.redfin.com/CA/San-Rafael/100-Thorndale-Dr-94903/unit-436/home/1026687,BAREIS,321044463,N,Y,38.0039449,-122.5495595
290,MLS Listing,,Condo/Co-op,100 Thorndale Dr #318,San Rafael,CA,94903,375000,1.0,1.0,San Rafael,840.0,749.0,1985.0,164.0,446.0,3991.0,Active,,,http://www.redfin.com/CA/San-Rafael/100-Thorndale-Dr-94903/unit-318/home/1364117,BAREIS,321044452,N,Y,38.0039449,-122.5495595
291,MLS Listing,,Single Family Residential,630 W Blithedale Ave,Mill Valley,CA,94941,11500000,6.0,6.5,Mill Valley,6210.0,552978.0,1952.0,168.0,1852.0,,Active,,,http://www.redfin.com/CA/Mill-Valley/630-W-Blithedale-Ave-94941/home/1286237,BAREIS,321036306,N,Y,37.9250702,-122.559325
292,MLS Listing,,Vacant Land,0 Landing Ct,Novato,CA,94945,3695000,0.0,,Novato,,87778.0,,172.0,,,Active,,,http://www.redfin.com/CA/Novato/877-Grant-Ave-94945/home/175135605,BAREIS,321039918,N,Y,38.1070085,-122.5686397
293,MLS Listing,,Single Family Residential,415 Drakes View Dr,Inverness,CA,94937,3850000,4.0,3.0,Inverness,4556.0,70445.0,1997.0,174.0,845.0,,Active,,,http://www.redfin.com/CA/Inverness/415-Drakes-View-Dr-94937/home/987032,BAREIS,321035528,N,Y,38.0736742,-122.8509099
294,MLS Listing,,Condo/Co-op,29 Greenwood Bay Dr,Tiburon,CA,94920,1375000,3.0,2.5,Tiburon,2052.0,3280.0,1975.0,176.0,670.0,1200.0,Active,,,http://www.redfin.com/CA/Belvedere-Tiburon/29-Greenwood-Bay-Dr-94920/home/1024540,BAREIS,321035041,N,Y,37.8973483,-122.5023346
295,MLS Listing,,Vacant Land,0 Via de la Vis,Inverness,CA,94937,1100000,0.0,,Seahaven,,174240.0,,185.0,,,Active,,,http://www.redfin.com/CA/Inverness/12781-Sir-Francis-Drake-Blvd-94937/home/176771488,BAREIS,321032287,N,Y,38.0965896,-122.8519026
296,MLS Listing,,Multi-Family (2-4 Unit),12 Saint Lucia Pl,Tiburon,CA,94920,5995000,5.0,5.5,Tiburon,5050.0,22825.0,2000.0,186.0,1187.0,2.0,Active,,,http://www.redfin.com/CA/Belvedere-Tiburon/12-St-Lucia-Pl-94920/home/595651,BAREIS,321027310,N,Y,37.9142922,-122.4757663
297,MLS Listing,,Condo/Co-op,100 Thorndale Dr #360,San Rafael,CA,94903,285000,1.0,1.0,San Rafael,660.0,649.0,1985.0,194.0,432.0,3800.0,Active,,,http://www.redfin.com/CA/San-Rafael/100-Thorndale-Dr-94903/unit-360/home/1131780,BAREIS,321028520,N,Y,38.0039449,-122.5495595
298,MLS Listing,,Vacant Land,0 Alta Way,Mill Valley,CA,94941,1485000,0.0,,Mill Valley,,69696.0,,197.0,,,Active,,,http://www.redfin.com/CA/Mill-Valley/103-E-Blithedale-Ave-94941/home/17546251,BAREIS,321027454,N,Y,37.9056676,-122.5442979
299,MLS Listing,,Single Family Residential,12191 State Route 1,Point Reyes Station,CA,94956,3900000,3.0,2.0,Point Reyes Station,2046.0,253955.0,1958.0,197.0,1906.0,,Active,,,http://www.redfin.com/CA/Point-Reyes-Station/12191-CA-1-94956/home/642737,BAREIS,321027210,N,Y,38.0839617,-122.8123273
300,MLS Listing,,Vacant Land,531 Via de la Vis,Inverness,CA,94937,1100000,0.0,,Seahaven,,169618.0,,199.0,,,Active,,,http://www.redfin.com/CA/Inverness/531-Via-De-La-Vis-94937/home/22324698,BAREIS,321025716,N,Y,38.1087559,-122.8785543
301,MLS Listing,,Vacant Land,350 Coleman Ave,San Rafael,CA,94901,400000,0.0,,San Rafael,,9074.0,,201.0,,,Active,,,http://www.redfin.com/CA/San-Rafael/350-Coleman-Dr-94901/home/169429171,BAREIS,321024917,N,Y,37.9871478,-122.5310386
302,MLS Listing,,Vacant Land,0 Upper West Rd,Ross,CA,94957,5000000,0.0,,Ross,,2538590.0,,203.0,,,Active,,,http://www.redfin.com/CA/Ross/Upper-Rd-W-94957/home/174930413,BAREIS,321024926,N,Y,37.9669918,-122.5767079
303,MLS Listing,,Vacant Land,0 Redwood Avenue Ave,Mill Valley,CA,94941,160000,0.0,,Mill Valley,,25840.0,,204.0,,,Active,,,http://www.redfin.com/CA/Mill-Valley/0-0-Redwood-AVE-94941/home/171294007,BAREIS,321023829,N,Y,37.903227,-122.567419
304,MLS Listing,,Vacant Land,138 - 142 Rock Hill Dr,Tiburon,CA,94920,8000000,0.0,,Tiburon,,111078.0,,210.0,,,Active,,,http://www.redfin.com/CA/Belvedere-Tiburon/138-Rock-Hill-Dr-94920/home/90325451,BAREIS,321016338,N,Y,37.8902573,-122.4745084
305,MLS Listing,,Vacant Land,0 Oleander St,Novato,CA,94945,1095000,0.0,,Novato,,594934.0,,217.0,,,Active,,,http://www.redfin.com/CA/NOVATO/Unknown-Unknown/home/108577953,BAREIS,321019219,N,Y,38.104244,-122.556141
306,MLS Listing,,Vacant Land,59 Olive Ave,Larkspur,CA,94939,850000,0.0,,Larkspur,,126324.0,,224.0,,,Active,,,http://www.redfin.com/CA/Larkspur/59-Olive-Ave-94939/home/40497863,BAREIS,321012441,N,Y,37.934541,-122.543768
307,MLS Listing,,Multi-Family (2-4 Unit),333 - 345 Willow Rd,Nicasio,CA,94946,18500000,5.0,5.5,Nicasio,7660.0,1393920.0,,228.0,2415.0,,Active,,,http://www.redfin.com/CA/Nicasio/333-Willow-Rd-94946/home/1291898,BAREIS,321003649,N,Y,38.0907865,-122.7684849
308,MLS Listing,,Vacant Land,19 Burning Tree Dr,Novato,CA,94949,499000,0.0,,Novato,,44344.0,,232.0,,,Active,,,http://www.redfin.com/CA/Novato/19-Burning-Tree-Dr-94949/home/174693730,BAREIS,321014176,N,Y,38.060962,-122.5618272
309,MLS Listing,,Single Family Residential,27 Bellevue Ave,Belvedere,CA,94920,14900000,3.0,5.0,Corinthian Island,4205.0,9076.0,2008.0,243.0,3543.0,,Active,,,http://www.redfin.com/CA/Belvedere-Tiburon/27-Bellevue-Ave-94920/home/1177210,BAREIS,321010206,N,Y,37.8729203,-122.4593959
310,MLS Listing,,Vacant Land,0 - 0 Upper Cypress,Fairfax,CA,94930,150000,0.0,,Cascade,,10001.0,,253.0,,,Active,,,http://www.redfin.com/CA/Fairfax/0-0-Cypress-Dr-94930/home/174660777,BAREIS,321006220,N,Y,37.9812254,-122.597452
311,MLS Listing,,Vacant Land,4664 Paradise Dr,Tiburon,CA,94920,650000,0.0,,Tiburon,,11443.0,,256.0,,,Active,,,http://www.redfin.com/CA/Belvedere-Tiburon/4664-Paradise-Dr-94920/home/17546193,BAREIS,321006134,N,Y,37.911903,-122.478893
312,MLS Listing,,Single Family Residential,61 N Knoll Rd,Mill Valley,CA,94941,2695000,7.0,5.0,Mill Valley,5072.0,12079.0,1969.0,268.0,531.0,,Active,,,http://www.redfin.com/CA/Mill-Valley/61-N-Knoll-Rd-94941/home/1378136,BAREIS,321002086,N,Y,37.9046215,-122.5126768
313,MLS Listing,,Single Family Residential,1826 Virginia Ave,Novato,CA,94945,890000,7.0,4.0,Downtown,4521.0,16920.0,1959.0,272.0,197.0,,Active,,,http://www.redfin.com/CA/Novato/1826-Virginia-Ave-94945/home/1025763,"bridgeMLS, Bay East AOR, or Contra Costa AOR",40936506,N,Y,38.1106009,-122.5844413
314,MLS Listing,,Condo/Co-op,100 Thorndale Dr #206,San Rafael,CA,94903,94000,1.0,1.0,San Rafael,660.0,651.0,1985.0,273.0,142.0,3661.0,Active,,,http://www.redfin.com/CA/San-Rafael/100-Thorndale-Dr-94903/unit-206/home/1351357,"bridgeMLS, Bay East AOR, or Contra Costa AOR",40936305,N,Y,38.0039449,-122.5495595
315,MLS Listing,,Vacant Land,0 - 0 Holstein Rd,San Anselmo,CA,94960,3195000,0.0,,San Anselmo,,926652.0,,274.0,,,Active,,,http://www.redfin.com/CA/SAN-ANSELMO/HOLSTEIN-RD-94960/home/22261370,San Francisco MLS,321000125,N,Y,37.996686,-122.569421
316,MLS Listing,,Vacant Land,3820 Paradise Dr Lot 4,Tiburon,CA,94920,1750000,0.0,,Tiburon,,114127.0,,277.0,,,Active,,,http://www.redfin.com/CA/Belvedere-Tiburon/3820-Paradise-Dr-94920/unit-4/home/40218479,BAREIS,22034442,N,Y,37.8977408,-122.4694025
317,MLS Listing,,Vacant Land,3820 Paradise Dr Unit Beach,Tiburon,CA,94920,6950000,0.0,,Tiburon,,323215.0,,277.0,,,Active,,,http://www.redfin.com/CA/Belvedere-Tiburon/3820-Paradise-Dr-94920/unit-Beach/home/168868791,BAREIS,22034384,N,Y,37.8977408,-122.4694025
318,MLS Listing,,Vacant Land,23 Meyer Rd,San Rafael,CA,94901,399000,0.0,,San Rafael,,92347.0,,281.0,,,Active,,,http://www.redfin.com/CA/San-Rafael/23-Meyer-Rd-94901/home/22342999,MetroList,22033334,N,Y,37.9595873,-122.5296501
319,MLS Listing,,Vacant Land,1 Sacramento Ave,San Anselmo,CA,94960,1995000,0.0,,Karuna Subdivision,,60113.0,,285.0,,,Active,,,http://www.redfin.com/CA/San-Anselmo/1-Sacramento-Ave-94960/home/22380421,MetroList,20078226,N,Y,37.988292,-122.559607
320,MLS Listing,,Vacant Land,360 Via La Paz,Greenbrae,CA,94904,550000,0.0,,Greenbrae,,39760.0,,290.0,,,Active,,,http://www.redfin.com/CA/Greenbrae/360-Via-La-Paz-94904/home/174212575,BAREIS,22031307,N,Y,37.9535146,-122.520304
321,MLS Listing,,Vacant Land,0 Pine Ave,Woodacre,CA,94973,90000,0.0,,Woodacre,,15904.0,,292.0,,,Active,,,http://www.redfin.com/CA/WOODACRE/Unknown-94973/home/22315392,BAREIS,22031257,N,Y,38.006175,-122.631503
322,MLS Listing,,Other,22 Pacheco St,SAUSALITO,CA,94965,5988888,,,SAUSALITO,,411735.0,,292.0,,,Active,,,http://www.redfin.com/CA/Sausalito/22-Pacheco-St-94965/home/1353981,MLSListings,ML81825789,N,Y,37.870109,-122.515173
323,MLS Listing,,Vacant Land,120 Redwood Ave,Mill Valley,CA,94941,595000,0.0,,Mill Valley,,30045.0,,325.0,,,Active,,,http://www.redfin.com/CA/MILL-VALLEY/120-REDWOOD-AVE-94941/home/22328354,BAREIS,22029398,N,Y,37.90305,-122.567852
324,MLS Listing,,Vacant Land,0 Valley Rd,Fairfax,CA,94930,199000,0.0,,Fairfax,,55321.0,,329.0,,,Active,,,http://www.redfin.com/CA/Fairfax/Valley-Rd-Unknown/home/173913859,BAREIS,22029271,N,Y,37.984439,-122.596246
325,MLS Listing,,Multi-Family (5+ Unit),4140 Redwood Hwy,San Rafael,CA,94903,3750000,0.0,,San Rafael,12076.0,18199.0,1964.0,330.0,311.0,,Active,,,http://www.redfin.com/CA/San-Rafael/4140-Redwood-Hwy-94903/home/173900222,BAREIS,22029238,N,Y,38.0094283,-122.5414283
326,MLS Listing,,Multi-Family (2-4 Unit),179 Los Ranchitos Rd,San Rafael,CA,94903,2250000,17.0,9.0,San Rafael,5582.0,72310.0,1948.0,336.0,403.0,,Active,,,http://www.redfin.com/CA/San-Rafael/179-Los-Ranchitos-Rd-94903/home/12390047,BAREIS,22028693,N,Y,37.9966655,-122.5414612
327,MLS Listing,,Single Family Residential,1501 Lucas Valley Rd,San Rafael,CA,94903,6200000,2.0,2.0,San Rafael,1982.0,2671970.0,1960.0,369.0,3128.0,,Active,,,http://www.redfin.com/CA/San-Rafael/1501-Lucas-Valley-Rd-94903/home/1253514,BAREIS,22026200,N,Y,38.026376,-122.576943
328,MLS Listing,,Vacant Land,37 Conifer Way,Woodacre,CA,94973,227000,0.0,,Woodacre,,17681.0,,420.0,,,Active,,,http://www.redfin.com/CA/Woodacre/37-Conifer-Way-94973/home/79841924,BAREIS,22021433,N,Y,38.009895,-122.6438358
329,MLS Listing,,Vacant Land,507 W Blithedale Ave,Mill Valley,CA,94941,100000,0.0,,Mill Valley,,5192.0,,615.0,,,Active,,,http://www.redfin.com/CA/Mill-Valley/507-W-Blithedale-Ave-94941/home/170669357,BAREIS,22004125,N,Y,37.9202376,-122.5541264
330,MLS Listing,,Vacant Land,12100 Pt Reyes Petaluma Rd,Nicasio,CA,94946,477000,0.0,,Nicasio,,528383.0,,785.0,,,Active,,,http://www.redfin.com/CA/Nicasio/12100-Point-Reyes-Petaluma-Rd-94946/home/168951384,BAREIS,21923086,N,Y,38.0799431,-122.755724
331,MLS Listing,,Multi-Family (2-4 Unit),200 Tomasini Canyon Rd,Point Reyes Station,CA,94956,12382800,1.0,1.0,Point Reyes Station,532.0,44949564.0,1920.0,789.0,23276.0,,Active,,,http://www.redfin.com/CA/Point-Reyes-Station/200-Tomasini-Canyon-Rd-94956/home/837619,BAREIS,21923316,N,Y,38.103733,-122.779922
332,MLS Listing,,Single Family Residential,5325 Chileno Valley Rd,Petaluma,CA,94952,10000000,3.0,1.0,Petaluma,1500.0,55582560.0,,918.0,6667.0,,Active,,,http://www.redfin.com/CA/Petaluma/5325-Chileno-Valley-Rd-94952/home/163335954,BAREIS,21909668,N,Y,38.205031,-122.801411
333,MLS Listing,,Vacant Land,0 Camino Margarita Rd,Nicasio,CA,94946,13900000,0.0,,Nicasio,,19049224.0,,921.0,,125.0,Active,,,http://www.redfin.com/CA/Nicasio/0-Camino-Margarita-RD-94946/home/167110887,BAREIS,21909103,N,Y,38.034149,-122.653648
334,MLS Listing,,Vacant Land,624 Ridge Rd,Tiburon,CA,94920,95000000,0.0,,Tiburon,,4791600.0,,1097.0,,,Active,,,http://www.redfin.com/CA/Tiburon/624-Ridge-Rd-94920/home/147965147,BAREIS,21827773,N,Y,37.88071,-122.4512494
335,MLS Listing,,Vacant Land,2800 Paradise Dr,Tiburon,CA,94920,19000000,0.0,,Tiburon,,632731.0,,1133.0,,,Active,,,http://www.redfin.com/CA/Belvedere-Tiburon/2800-Paradise-Dr-94920/home/147283962,BAREIS,21825043,N,Y,37.8850861,-122.4434779
336,MLS Listing,,Vacant Land,5 Chaparral Ln,San Geronimo,CA,94963,389000,0.0,,San Geronimo,,114998.0,,1204.0,,,Active,,,http://www.redfin.com/CA/San-Geronimo/5-Chaparral-Ln-94963/home/17546695,BAREIS,21818522,N,Y,38.0110826,-122.6516533
337,MLS Listing,,Single Family Residential,4600 Valley Ford-franklin School Rd,Petaluma,CA,94953,2500000,5.0,3.0,Petaluma,3000.0,2064744.0,,1226.0,833.0,,Active,,,http://www.redfin.com/CA/Petaluma/4600-Valley-Ford-Franklin-School-Rd-94952/home/146105053,BAREIS,21811281,N,Y,38.273897,-122.950276
338,MLS Listing,,Vacant Land,54 Viento Way,Point Reyes Station,CA,94956,850000,0.0,,Point Reyes Station,,74488.0,,1930.0,,,Active,,,http://www.redfin.com/CA/Point-Reyes-Station/54-Viento-Way-94956/home/22284132,BAREIS,21617074,N,Y,38.0750699,-122.80443
339,New Construction Home,,Single Family Residential,418 Verandah Ave,Novato,CA,94945,863110,3.0,3.0,Verandah,1600.0,,2021.0,69.0,539.0,,Active,,,http://www.redfin.com/CA/NOVATO/418-VERANDAH-AVE-94945/home/175902509,NewHomeSource.com,2071805,N,Y,38.121926,-122.586198
340,New Construction Home,,Single Family Residential,422 Verandah Ave,Novato,CA,94945,888631,3.0,2.5,Verandah,1770.0,,2021.0,69.0,502.0,,Active,,,http://www.redfin.com/CA/NOVATO/422-VERANDAH-AVE-94945/home/175902507,NewHomeSource.com,2071781,N,Y,38.121926,-122.586198
341,New Construction Plan,,Single Family Residential,Verandah- Residence 3 Option 1,Novato,CA,94945,863110,3.0,3.0,Verandah,1600.0,,,,539.0,,Active,,,http://www.redfin.com/CA/Novato/Verandah/Verandah-Residence-3-Option-1/home/176985205,NewHomeSource.com,Plan-171914031,N,Y,38.121926,-122.586198
342,New Construction Plan,,Single Family Residential,Verandah- Residence 4 Option 1,Novato,CA,94945,888631,3.0,2.5,Verandah,1770.0,,,,502.0,,Active,,,http://www.redfin.com/CA/Novato/Verandah/Verandah-Residence-4-Option-1/home/176985204,NewHomeSource.com,Plan-171914041,N,Y,38.121926,-122.586198
343,New Construction Plan,,Townhouse,Plan 1979 Modeled,Novato,CA,94945,1052895,4.0,3.5,Atherton Place,1979.0,,,,532.0,,Active,,,http://www.redfin.com/CA/Novato/Atherton-Place/Plan-1979-Modeled/home/173901696,NewHomeSource.com,Plan-171841023,N,Y,38.113617,-122.568886
344,New Construction Plan,,Single Family Residential,Verandah- Residence 4 Option 2,Novato,CA,94945,888631,3.0,2.5,Verandah,1770.0,,,,502.0,,Active,,,http://www.redfin.com/CA/Novato/Verandah/Verandah-Residence-4-Option-2/home/177046010,NewHomeSource.com,Plan-171914061,N,Y,38.121926,-122.586198
345,New Construction Plan,,Single Family Residential,Plan 3,Novato,CA,94945,1549990,5.0,4.5,Bahia Heights,3636.0,,,,426.0,,Active,,,http://www.redfin.com/CA/Novato/Bahia-Heights/Plan-3/home/172538364,NewHomeSource.com,Plan-171853298,N,Y,38.1230452,-122.5281434
346,New Construction Plan,,Single Family Residential,Verandah- Residence 3 Option 2,Novato,CA,94945,863110,3.0,3.0,Verandah,1600.0,,,,539.0,,Active,,,http://www.redfin.com/CA/NOVATO/Verandah/Verandah-Residence-3-Option-2/home/175902530,NewHomeSource.com,Plan-171914049,N,Y,38.1221,-122.6073
347,New Construction Plan,,Townhouse,Plan 1606,Novato,CA,94945,800528,3.0,2.5,Atherton Place,1606.0,,,,498.0,,Active,,,http://www.redfin.com/CA/Novato/Atherton-Place/Plan-1606/home/174446319,NewHomeSource.com,Plan-171841021,N,Y,38.113617,-122.568886
